"1","H1A117150","H1A117150",NULL,NULL,"0"
"2","H1A117408","H1A117408",NULL,NULL,"0"
"3","H1A117151","H1A117151",NULL,NULL,"0"
"4","H1A113016","H1A113016",NULL,NULL,"0"
"5","H1A117409","H1A117409",NULL,NULL,"0"
"6","H1A119331","H1A119331",NULL,NULL,"0"
"7","H1A120241","H1A120241",NULL,NULL,"0"
"8","H1A116689","H1A116689",NULL,NULL,"0"
"9","H1A116259","H1A116259",NULL,NULL,"0"
"10","H1A117152","H1A117152",NULL,NULL,"0"
"11","H1A113020","H1A113020",NULL,NULL,"0"
"12","H1A118135","H1A118135",NULL,NULL,"0"
"13","H1A117410","H1A117410",NULL,NULL,"0"
"14","H1A119332","H1A119332",NULL,NULL,"0"
"15","H1A116690","H1A116690",NULL,NULL,"0"
"16","H1A117153","H1A117153",NULL,NULL,"0"
"17","H1A113021","H1A113021",NULL,NULL,"0"
"18","H1A118368","H1A118368",NULL,NULL,"0"
"19","H1A116264","H1A116264",NULL,NULL,"0"
"20","H1A119333","H1A119333",NULL,NULL,"0"
"21","H1A117154","H1A117154",NULL,NULL,"0"
"22","H1A119110","H1A119110",NULL,NULL,"0"
"23","H1A118137","H1A118137",NULL,NULL,"0"
"24","H1A118369","H1A118369",NULL,NULL,"0"
"25","H1A116270","H1A116270",NULL,NULL,"0"
"26","H1A120450","H1A120450",NULL,NULL,"0"
"27","H1A116697","H1A116697",NULL,NULL,"0"
"28","H1A119334","H1A119334",NULL,NULL,"0"
"29","H1A117155","H1A117155",NULL,NULL,"0"
"30","H1A113031","H1A113031",NULL,NULL,"0"
"31","H1A118138","H1A118138",NULL,NULL,"0"
"32","H1A118370","H1A118370",NULL,NULL,"0"
"33","H1A116271","H1A116271",NULL,NULL,"0"
"34","H1A116698","H1A116698",NULL,NULL,"0"
"35","H1A119335","H1A119335",NULL,NULL,"0"
"36","H1A117157","H1A117157",NULL,NULL,"0"
"37","H1A117423","H1A117423",NULL,NULL,"0"
"38","H1A113036","H1A113036",NULL,NULL,"0"
"39","H1A118139","H1A118139",NULL,NULL,"0"
"40","H1A118371","H1A118371",NULL,NULL,"0"
"41","H1A116277","H1A116277",NULL,NULL,"0"
"42","H1A116701","H1A116701",NULL,NULL,"0"
"43","H1A119336","H1A119336",NULL,NULL,"0"
"44","H1A117158","H1A117158",NULL,NULL,"0"
"45","H1A119113","H1A119113",NULL,NULL,"0"
"46","H1A117424","H1A117424",NULL,NULL,"0"
"47","H1A113072","H1A113072",NULL,NULL,"0"
"48","H1A118140","H1A118140",NULL,NULL,"0"
"49","H1A120453","H1A120453",NULL,NULL,"0"
"50","H1A116278","H1A116278",NULL,NULL,"0"
"51","H1A119337","H1A119337",NULL,NULL,"0"
"52","H1A117159","H1A117159",NULL,NULL,"0"
"53","H1A116703","H1A116703",NULL,NULL,"0"
"54","H1A119114","H1A119114",NULL,NULL,"0"
"55","H1A113092","H1A113092",NULL,NULL,"0"
"56","H1A118141","H1A118141",NULL,NULL,"0"
"57","H1A120454","H1A120454",NULL,NULL,"0"
"58","H1A116279","H1A116279",NULL,NULL,"0"
"59","H1A119338","H1A119338",NULL,NULL,"0"
"60","H1A119115","H1A119115",NULL,NULL,"0"
"61","H1A116704","H1A116704",NULL,NULL,"0"
"62","H1A117162","H1A117162",NULL,NULL,"0"
"63","H1A117427","H1A117427",NULL,NULL,"0"
"64","H1A113125","H1A113125",NULL,NULL,"0"
"65","H1A118142","H1A118142",NULL,NULL,"0"
"66","H1A116284","H1A116284",NULL,NULL,"0"
"67","H1A119339","H1A119339",NULL,NULL,"0"
"68","H1A119116","H1A119116",NULL,NULL,"0"
"69","H1A117163","H1A117163",NULL,NULL,"0"
"70","H1A113135","H1A113135",NULL,NULL,"0"
"71","H1A117429","H1A117429",NULL,NULL,"0"
"72","H1A118375","H1A118375",NULL,NULL,"0"
"73","H1A118143","H1A118143",NULL,NULL,"0"
"74","H1A116286","H1A116286",NULL,NULL,"0"
"75","H1A119117","H1A119117",NULL,NULL,"0"
"76","H1A116708","H1A116708",NULL,NULL,"0"
"77","H1A117165","H1A117165",NULL,NULL,"0"
"78","H1A113159","H1A113159",NULL,NULL,"0"
"79","H1A117432","H1A117432",NULL,NULL,"0"
"80","H1A118376","H1A118376",NULL,NULL,"0"
"81","H1A118144","H1A118144",NULL,NULL,"0"
"82","H1A116287","H1A116287",NULL,NULL,"0"
"83","H1A119341","H1A119341",NULL,NULL,"0"
"84","H1A119118","H1A119118",NULL,NULL,"0"
"85","H1A117166","H1A117166",NULL,NULL,"0"
"86","H1A113169","H1A113169",NULL,NULL,"0"
"87","H1A118145","H1A118145",NULL,NULL,"0"
"88","H1A116290","H1A116290",NULL,NULL,"0"
"89","H1A116710","H1A116710",NULL,NULL,"0"
"90","H1A119119","H1A119119",NULL,NULL,"0"
"91","H1A118378","H1A118378",NULL,NULL,"0"
"92","H1A117167","H1A117167",NULL,NULL,"0"
"93","H1A113194","H1A113194",NULL,NULL,"0"
"94","H1A120255","H1A120255",NULL,NULL,"0"
"95","H1A120030","H1A120030",NULL,NULL,"0"
"96","H1A116291","H1A116291",NULL,NULL,"0"
"97","H1A116712","H1A116712",NULL,NULL,"0"
"98","H1A119120","H1A119120",NULL,NULL,"0"
"99","H1A117435","H1A117435",NULL,NULL,"0"
"100","H1A118379","H1A118379",NULL,NULL,"0"
"101","H1A113222","H1A113222",NULL,NULL,"0"
"102","H1A117168","H1A117168",NULL,NULL,"0"
"103","H1A120256","H1A120256",NULL,NULL,"0"
"104","H1A119344","H1A119344",NULL,NULL,"0"
"105","H1A116294","H1A116294",NULL,NULL,"0"
"106","H1A116713","H1A116713",NULL,NULL,"0"
"107","H1A119122","H1A119122",NULL,NULL,"0"
"108","H1A113265","H1A113265",NULL,NULL,"0"
"109","H1A117169","H1A117169",NULL,NULL,"0"
"110","H1A120032","H1A120032",NULL,NULL,"0"
"111","H1A119345","H1A119345",NULL,NULL,"0"
"112","H1A116295","H1A116295",NULL,NULL,"0"
"113","H1A117437","H1A117437",NULL,NULL,"0"
"114","H1A118381","H1A118381",NULL,NULL,"0"
"115","H1A120033","H1A120033",NULL,NULL,"0"
"116","H1A116714","H1A116714",NULL,NULL,"0"
"117","H1A118149","H1A118149",NULL,NULL,"0"
"118","H1A116296","H1A116296",NULL,NULL,"0"
"119","H1A113266","H1A113266",NULL,NULL,"0"
"120","H1A119347","H1A119347",NULL,NULL,"0"
"121","H1A117438","H1A117438",NULL,NULL,"0"
"122","H1A117172","H1A117172",NULL,NULL,"0"
"123","H1A120036","H1A120036",NULL,NULL,"0"
"124","H1A118383","H1A118383",NULL,NULL,"0"
"125","H1A116717","H1A116717",NULL,NULL,"0"
"126","H1A119125","H1A119125",NULL,NULL,"0"
"127","H1A116301","H1A116301",NULL,NULL,"0"
"128","H1A117439","H1A117439",NULL,NULL,"0"
"129","H1A118150","H1A118150",NULL,NULL,"0"
"130","H1A113283","H1A113283",NULL,NULL,"0"
"131","H1A119348","H1A119348",NULL,NULL,"0"
"132","H1A117174","H1A117174",NULL,NULL,"0"
"133","H1A120260","H1A120260",NULL,NULL,"0"
"134","H1A120037","H1A120037",NULL,NULL,"0"
"135","H1A118385","H1A118385",NULL,NULL,"0"
"136","H1A116724","H1A116724",NULL,NULL,"0"
"137","H1A119126","H1A119126",NULL,NULL,"0"
"138","H1A114008","H1A114008",NULL,NULL,"0"
"139","H1A117441","H1A117441",NULL,NULL,"0"
"140","H1A118151","H1A118151",NULL,NULL,"0"
"141","H1A116303","H1A116303",NULL,NULL,"0"
"142","H1A120038","H1A120038",NULL,NULL,"0"
"143","H1A118386","H1A118386",NULL,NULL,"0"
"144","H1A116727","H1A116727",NULL,NULL,"0"
"145","H1A119350","H1A119350",NULL,NULL,"0"
"146","H1A117176","H1A117176",NULL,NULL,"0"
"147","H1A117442","H1A117442",NULL,NULL,"0"
"148","H1A118153","H1A118153",NULL,NULL,"0"
"149","H1A116306","H1A116306",NULL,NULL,"0"
"150","H1A114018","H1A114018",NULL,NULL,"0"
"151","H1A119127","H1A119127",NULL,NULL,"0"
"152","H1A120039","H1A120039",NULL,NULL,"0"
"153","H1A120263","H1A120263",NULL,NULL,"0"
"154","H1A118387","H1A118387",NULL,NULL,"0"
"155","H1A119351","H1A119351",NULL,NULL,"0"
"156","H1A117443","H1A117443",NULL,NULL,"0"
"157","H1A117177","H1A117177",NULL,NULL,"0"
"158","H1A118154","H1A118154",NULL,NULL,"0"
"159","H1A116728","H1A116728",NULL,NULL,"0"
"160","H1A116307","H1A116307",NULL,NULL,"0"
"161","H1A120040","H1A120040",NULL,NULL,"0"
"162","H1A114026","H1A114026",NULL,NULL,"0"
"163","H1A119128","H1A119128",NULL,NULL,"0"
"164","H1A120264","H1A120264",NULL,NULL,"0"
"165","H1A118155","H1A118155",NULL,NULL,"0"
"166","H1A117444","H1A117444",NULL,NULL,"0"
"167","H1A117178","H1A117178",NULL,NULL,"0"
"168","H1A119352","H1A119352",NULL,NULL,"0"
"169","H1A116315","H1A116315",NULL,NULL,"0"
"170","H1A116729","H1A116729",NULL,NULL,"0"
"171","H1A119129","H1A119129",NULL,NULL,"0"
"172","H1A120041","H1A120041",NULL,NULL,"0"
"173","H1A114031","H1A114031",NULL,NULL,"0"
"174","H1A118389","H1A118389",NULL,NULL,"0"
"175","H1A117447","H1A117447",NULL,NULL,"0"
"176","H1A118390","H1A118390",NULL,NULL,"0"
"177","H1A114039","H1A114039",NULL,NULL,"0"
"178","H1A120043","H1A120043",NULL,NULL,"0"
"179","H1A119130","H1A119130",NULL,NULL,"0"
"180","H1A119354","H1A119354",NULL,NULL,"0"
"181","H1A116735","H1A116735",NULL,NULL,"0"
"182","H1A117180","H1A117180",NULL,NULL,"0"
"183","H1A116317","H1A116317",NULL,NULL,"0"
"184","H1A117448","H1A117448",NULL,NULL,"0"
"185","H1A114052","H1A114052",NULL,NULL,"0"
"186","H1A120044","H1A120044",NULL,NULL,"0"
"187","H1A119355","H1A119355",NULL,NULL,"0"
"188","H1A117181","H1A117181",NULL,NULL,"0"
"189","H1A116319","H1A116319",NULL,NULL,"0"
"190","H1A120268","H1A120268",NULL,NULL,"0"
"191","H1A117449","H1A117449",NULL,NULL,"0"
"192","H1A120045","H1A120045",NULL,NULL,"0"
"193","H1A114068","H1A114068",NULL,NULL,"0"
"194","H1A116740","H1A116740",NULL,NULL,"0"
"195","H1A119132","H1A119132",NULL,NULL,"0"
"196","H1A119356","H1A119356",NULL,NULL,"0"
"197","H1A118159","H1A118159",NULL,NULL,"0"
"198","H1A117182","H1A117182",NULL,NULL,"0"
"199","H1A118393","H1A118393",NULL,NULL,"0"
"200","H1A116322","H1A116322",NULL,NULL,"0"
"201","H1A117450","H1A117450",NULL,NULL,"0"
"202","H1A120046","H1A120046",NULL,NULL,"0"
"203","H1A114102","H1A114102",NULL,NULL,"0"
"204","H1A116741","H1A116741",NULL,NULL,"0"
"205","H1A119357","H1A119357",NULL,NULL,"0"
"206","H1A118160","H1A118160",NULL,NULL,"0"
"207","H1A117183","H1A117183",NULL,NULL,"0"
"208","H1A118394","H1A118394",NULL,NULL,"0"
"209","H1A116325","H1A116325",NULL,NULL,"0"
"210","H1A120270","H1A120270",NULL,NULL,"0"
"211","H1A117452","H1A117452",NULL,NULL,"0"
"212","H1A119135","H1A119135",NULL,NULL,"0"
"213","H1A118161","H1A118161",NULL,NULL,"0"
"214","H1A114110","H1A114110",NULL,NULL,"0"
"215","H1A116742","H1A116742",NULL,NULL,"0"
"216","H1A117184","H1A117184",NULL,NULL,"0"
"217","H1A118395","H1A118395",NULL,NULL,"0"
"218","H1A116327","H1A116327",NULL,NULL,"0"
"219","H1A120271","H1A120271",NULL,NULL,"0"
"220","H1A117453","H1A117453",NULL,NULL,"0"
"221","H1A119136","H1A119136",NULL,NULL,"0"
"222","H1A119360","H1A119360",NULL,NULL,"0"
"223","H1A118162","H1A118162",NULL,NULL,"0"
"224","H1A114118","H1A114118",NULL,NULL,"0"
"225","H1A116744","H1A116744",NULL,NULL,"0"
"226","H1A117186","H1A117186",NULL,NULL,"0"
"227","H1A118396","H1A118396",NULL,NULL,"0"
"228","H1A116329","H1A116329",NULL,NULL,"0"
"229","H1A120272","H1A120272",NULL,NULL,"0"
"230","H1A117455","H1A117455",NULL,NULL,"0"
"231","H1A116745","H1A116745",NULL,NULL,"0"
"232","H1A119138","H1A119138",NULL,NULL,"0"
"233","H1A118163","H1A118163",NULL,NULL,"0"
"234","H1A119361","H1A119361",NULL,NULL,"0"
"235","H1A114145","H1A114145",NULL,NULL,"0"
"236","H1A117187","H1A117187",NULL,NULL,"0"
"237","H1A118397","H1A118397",NULL,NULL,"0"
"238","H1A116331","H1A116331",NULL,NULL,"0"
"239","H1A120273","H1A120273",NULL,NULL,"0"
"240","H1A117456","H1A117456",NULL,NULL,"0"
"241","H1A118164","H1A118164",NULL,NULL,"0"
"242","H1A116746","H1A116746",NULL,NULL,"0"
"243","H1A119362","H1A119362",NULL,NULL,"0"
"244","H1A119139","H1A119139",NULL,NULL,"0"
"245","H1A114151","H1A114151",NULL,NULL,"0"
"246","H1A117188","H1A117188",NULL,NULL,"0"
"247","H1A118399","H1A118399",NULL,NULL,"0"
"248","H1A120274","H1A120274",NULL,NULL,"0"
"249","H1A117458","H1A117458",NULL,NULL,"0"
"250","H1A118165","H1A118165",NULL,NULL,"0"
"251","H1A119140","H1A119140",NULL,NULL,"0"
"252","H1A117189","H1A117189",NULL,NULL,"0"
"253","H1A114157","H1A114157",NULL,NULL,"0"
"254","H1A116334","H1A116334",NULL,NULL,"0"
"255","H1A119364","H1A119364",NULL,NULL,"0"
"256","H1A120275","H1A120275",NULL,NULL,"0"
"257","H1A118400","H1A118400",NULL,NULL,"0"
"258","H1A116750","H1A116750",NULL,NULL,"0"
"259","H1A117459","H1A117459",NULL,NULL,"0"
"260","H1A118166","H1A118166",NULL,NULL,"0"
"261","H1A119141","H1A119141",NULL,NULL,"0"
"262","H1A117190","H1A117190",NULL,NULL,"0"
"263","H1A114167","H1A114167",NULL,NULL,"0"
"264","H1A120276","H1A120276",NULL,NULL,"0"
"265","H1A119366","H1A119366",NULL,NULL,"0"
"266","H1A116752","H1A116752",NULL,NULL,"0"
"267","H1A118401","H1A118401",NULL,NULL,"0"
"268","H1A117460","H1A117460",NULL,NULL,"0"
"269","H1A118167","H1A118167",NULL,NULL,"0"
"270","H1A119142","H1A119142",NULL,NULL,"0"
"271","H1A117191","H1A117191",NULL,NULL,"0"
"272","H1A116337","H1A116337",NULL,NULL,"0"
"273","H1A114177","H1A114177",NULL,NULL,"0"
"274","H1A120277","H1A120277",NULL,NULL,"0"
"275","H1A116753","H1A116753",NULL,NULL,"0"
"276","H1A118402","H1A118402",NULL,NULL,"0"
"277","H1A119367","H1A119367",NULL,NULL,"0"
"278","H1A118168","H1A118168",NULL,NULL,"0"
"279","H1A119143","H1A119143",NULL,NULL,"0"
"280","H1A120056","H1A120056",NULL,NULL,"0"
"281","H1A117192","H1A117192",NULL,NULL,"0"
"282","H1A116338","H1A116338",NULL,NULL,"0"
"283","H1A114181","H1A114181",NULL,NULL,"0"
"284","H1A120278","H1A120278",NULL,NULL,"0"
"285","H1A116757","H1A116757",NULL,NULL,"0"
"286","H1A119368","H1A119368",NULL,NULL,"0"
"287","H1A118403","H1A118403",NULL,NULL,"0"
"288","H1A118169","H1A118169",NULL,NULL,"0"
"289","H1A119144","H1A119144",NULL,NULL,"0"
"290","H1A120057","H1A120057",NULL,NULL,"0"
"291","H1A117465","H1A117465",NULL,NULL,"0"
"292","H1A117194","H1A117194",NULL,NULL,"0"
"293","H1A116339","H1A116339",NULL,NULL,"0"
"294","H1A120279","H1A120279",NULL,NULL,"0"
"295","H1A116758","H1A116758",NULL,NULL,"0"
"296","H1A114197","H1A114197",NULL,NULL,"0"
"297","H1A119369","H1A119369",NULL,NULL,"0"
"298","H1A120058","H1A120058",NULL,NULL,"0"
"299","H1A119145","H1A119145",NULL,NULL,"0"
"300","H1A118170","H1A118170",NULL,NULL,"0"
"301","H1A117466","H1A117466",NULL,NULL,"0"
"302","H1A117195","H1A117195",NULL,NULL,"0"
"303","H1A116341","H1A116341",NULL,NULL,"0"
"304","H1A120280","H1A120280",NULL,NULL,"0"
"305","H1A116760","H1A116760",NULL,NULL,"0"
"306","H1A118406","H1A118406",NULL,NULL,"0"
"307","H1A114206","H1A114206",NULL,NULL,"0"
"308","H1A119371","H1A119371",NULL,NULL,"0"
"309","H1A120060","H1A120060",NULL,NULL,"0"
"310","H1A119146","H1A119146",NULL,NULL,"0"
"311","H1A117467","H1A117467",NULL,NULL,"0"
"312","H1A117197","H1A117197",NULL,NULL,"0"
"313","H1A116344","H1A116344",NULL,NULL,"0"
"314","H1A120281","H1A120281",NULL,NULL,"0"
"315","H1A116761","H1A116761",NULL,NULL,"0"
"316","H1A118407","H1A118407",NULL,NULL,"0"
"317","H1A114246","H1A114246",NULL,NULL,"0"
"318","H1A119372","H1A119372",NULL,NULL,"0"
"319","H1A118172","H1A118172",NULL,NULL,"0"
"320","H1A120061","H1A120061",NULL,NULL,"0"
"321","H1A117198","H1A117198",NULL,NULL,"0"
"322","H1A116347","H1A116347",NULL,NULL,"0"
"323","H1A120282","H1A120282",NULL,NULL,"0"
"324","H1A116762","H1A116762",NULL,NULL,"0"
"325","H1A114264","H1A114264",NULL,NULL,"0"
"326","H1A119373","H1A119373",NULL,NULL,"0"
"327","H1A118409","H1A118409",NULL,NULL,"0"
"328","H1A118173","H1A118173",NULL,NULL,"0"
"329","H1A120062","H1A120062",NULL,NULL,"0"
"330","H1A117199","H1A117199",NULL,NULL,"0"
"331","H1A116349","H1A116349",NULL,NULL,"0"
"332","H1A120283","H1A120283",NULL,NULL,"0"
"333","H1A119147","H1A119147",NULL,NULL,"0"
"334","H1A116764","H1A116764",NULL,NULL,"0"
"335","H1A114270","H1A114270",NULL,NULL,"0"
"336","H1A119374","H1A119374",NULL,NULL,"0"
"337","H1A118410","H1A118410",NULL,NULL,"0"
"338","H1A118175","H1A118175",NULL,NULL,"0"
"339","H1A117470","H1A117470",NULL,NULL,"0"
"340","H1A117200","H1A117200",NULL,NULL,"0"
"341","H1A116352","H1A116352",NULL,NULL,"0"
"342","H1A120284","H1A120284",NULL,NULL,"0"
"343","H1A119148","H1A119148",NULL,NULL,"0"
"344","H1A116767","H1A116767",NULL,NULL,"0"
"345","H1A114302","H1A114302",NULL,NULL,"0"
"346","H1A118411","H1A118411",NULL,NULL,"0"
"347","H1A118177","H1A118177",NULL,NULL,"0"
"348","H1A117471","H1A117471",NULL,NULL,"0"
"349","H1A117201","H1A117201",NULL,NULL,"0"
"350","H1A115001","H1A115001",NULL,NULL,"0"
"351","H1A119377","H1A119377",NULL,NULL,"0"
"352","H1A118413","H1A118413",NULL,NULL,"0"
"353","H1A117472","H1A117472",NULL,NULL,"0"
"354","H1A116354","H1A116354",NULL,NULL,"0"
"355","H1A120286","H1A120286",NULL,NULL,"0"
"356","H1A116770","H1A116770",NULL,NULL,"0"
"357","H1A115002","H1A115002",NULL,NULL,"0"
"358","H1A119378","H1A119378",NULL,NULL,"0"
"359","H1A120066","H1A120066",NULL,NULL,"0"
"360","H1A118182","H1A118182",NULL,NULL,"0"
"361","H1A117473","H1A117473",NULL,NULL,"0"
"362","H1A119151","H1A119151",NULL,NULL,"0"
"363","H1A116356","H1A116356",NULL,NULL,"0"
"364","H1A116773","H1A116773",NULL,NULL,"0"
"365","H1A119379","H1A119379",NULL,NULL,"0"
"366","H1A115006","H1A115006",NULL,NULL,"0"
"367","H1A118415","H1A118415",NULL,NULL,"0"
"368","H1A118183","H1A118183",NULL,NULL,"0"
"369","H1A117475","H1A117475",NULL,NULL,"0"
"370","H1A120288","H1A120288",NULL,NULL,"0"
"371","H1A116358","H1A116358",NULL,NULL,"0"
"372","H1A119380","H1A119380",NULL,NULL,"0"
"373","H1A116774","H1A116774",NULL,NULL,"0"
"374","H1A118416","H1A118416",NULL,NULL,"0"
"375","H1A115010","H1A115010",NULL,NULL,"0"
"376","H1A118184","H1A118184",NULL,NULL,"0"
"377","H1A117476","H1A117476",NULL,NULL,"0"
"378","H1A119154","H1A119154",NULL,NULL,"0"
"379","H1A120289","H1A120289",NULL,NULL,"0"
"380","H1A116361","H1A116361",NULL,NULL,"0"
"381","H1A120069","H1A120069",NULL,NULL,"0"
"382","H1A119382","H1A119382",NULL,NULL,"0"
"383","H1A118417","H1A118417",NULL,NULL,"0"
"384","H1A115018","H1A115018",NULL,NULL,"0"
"385","H1A116777","H1A116777",NULL,NULL,"0"
"386","H1A117477","H1A117477",NULL,NULL,"0"
"387","H1A119155","H1A119155",NULL,NULL,"0"
"388","H1A120290","H1A120290",NULL,NULL,"0"
"389","H1A116362","H1A116362",NULL,NULL,"0"
"390","H1A120070","H1A120070",NULL,NULL,"0"
"391","H1A119383","H1A119383",NULL,NULL,"0"
"392","H1A117207","H1A117207",NULL,NULL,"0"
"393","H1A115022","H1A115022",NULL,NULL,"0"
"394","H1A116778","H1A116778",NULL,NULL,"0"
"395","H1A118418","H1A118418",NULL,NULL,"0"
"396","H1A117478","H1A117478",NULL,NULL,"0"
"397","H1A119157","H1A119157",NULL,NULL,"0"
"398","H1A120291","H1A120291",NULL,NULL,"0"
"399","H1A116365","H1A116365",NULL,NULL,"0"
"400","H1A120071","H1A120071",NULL,NULL,"0"
"401","H1A118187","H1A118187",NULL,NULL,"0"
"402","H1A119384","H1A119384",NULL,NULL,"0"
"403","H1A117209","H1A117209",NULL,NULL,"0"
"404","H1A115027","H1A115027",NULL,NULL,"0"
"405","H1A117479","H1A117479",NULL,NULL,"0"
"406","H1A118419","H1A118419",NULL,NULL,"0"
"407","H1A119158","H1A119158",NULL,NULL,"0"
"408","H1A116368","H1A116368",NULL,NULL,"0"
"409","H1A117211","H1A117211",NULL,NULL,"0"
"410","H1A119385","H1A119385",NULL,NULL,"0"
"411","H1A118188","H1A118188",NULL,NULL,"0"
"412","H1A117482","H1A117482",NULL,NULL,"0"
"413","H1A118420","H1A118420",NULL,NULL,"0"
"414","H1A115029","H1A115029",NULL,NULL,"0"
"415","H1A119159","H1A119159",NULL,NULL,"0"
"416","H1A116370","H1A116370",NULL,NULL,"0"
"417","H1A119386","H1A119386",NULL,NULL,"0"
"418","H1A116784","H1A116784",NULL,NULL,"0"
"419","H1A117212","H1A117212",NULL,NULL,"0"
"420","H1A118189","H1A118189",NULL,NULL,"0"
"421","H1A117484","H1A117484",NULL,NULL,"0"
"422","H1A115039","H1A115039",NULL,NULL,"0"
"423","H1A118421","H1A118421",NULL,NULL,"0"
"424","H1A119160","H1A119160",NULL,NULL,"0"
"425","H1A116372","H1A116372",NULL,NULL,"0"
"426","H1A117213","H1A117213",NULL,NULL,"0"
"427","H1A119387","H1A119387",NULL,NULL,"0"
"428","H1A118190","H1A118190",NULL,NULL,"0"
"429","H1A117485","H1A117485",NULL,NULL,"0"
"430","H1A118422","H1A118422",NULL,NULL,"0"
"431","H1A120295","H1A120295",NULL,NULL,"0"
"432","H1A119161","H1A119161",NULL,NULL,"0"
"433","H1A116373","H1A116373",NULL,NULL,"0"
"434","H1A117214","H1A117214",NULL,NULL,"0"
"435","H1A119388","H1A119388",NULL,NULL,"0"
"436","H1A116789","H1A116789",NULL,NULL,"0"
"437","H1A118191","H1A118191",NULL,NULL,"0"
"438","H1A117487","H1A117487",NULL,NULL,"0"
"439","H1A115044","H1A115044",NULL,NULL,"0"
"440","H1A118423","H1A118423",NULL,NULL,"0"
"441","H1A116374","H1A116374",NULL,NULL,"0"
"442","H1A119389","H1A119389",NULL,NULL,"0"
"443","H1A118193","H1A118193",NULL,NULL,"0"
"444","H1A116794","H1A116794",NULL,NULL,"0"
"445","H1A117216","H1A117216",NULL,NULL,"0"
"446","H1A117488","H1A117488",NULL,NULL,"0"
"447","H1A115051","H1A115051",NULL,NULL,"0"
"448","H1A119163","H1A119163",NULL,NULL,"0"
"449","H1A118424","H1A118424",NULL,NULL,"0"
"450","H1A116375","H1A116375",NULL,NULL,"0"
"451","H1A117218","H1A117218",NULL,NULL,"0"
"452","H1A116795","H1A116795",NULL,NULL,"0"
"453","H1A118194","H1A118194",NULL,NULL,"0"
"454","H1A117489","H1A117489",NULL,NULL,"0"
"455","H1A115063","H1A115063",NULL,NULL,"0"
"456","H1A120298","H1A120298",NULL,NULL,"0"
"457","H1A119164","H1A119164",NULL,NULL,"0"
"458","H1A118426","H1A118426",NULL,NULL,"0"
"459","H1A116377","H1A116377",NULL,NULL,"0"
"460","H1A119391","H1A119391",NULL,NULL,"0"
"461","H1A117219","H1A117219",NULL,NULL,"0"
"462","H1A117490","H1A117490",NULL,NULL,"0"
"463","H1A115064","H1A115064",NULL,NULL,"0"
"464","H1A118195","H1A118195",NULL,NULL,"0"
"465","H1A120299","H1A120299",NULL,NULL,"0"
"466","H1A116800","H1A116800",NULL,NULL,"0"
"467","H1A119166","H1A119166",NULL,NULL,"0"
"468","H1A116378","H1A116378",NULL,NULL,"0"
"469","H1A119393","H1A119393",NULL,NULL,"0"
"470","H1A117220","H1A117220",NULL,NULL,"0"
"471","H1A117493","H1A117493",NULL,NULL,"0"
"472","H1A115066","H1A115066",NULL,NULL,"0"
"473","H1A118196","H1A118196",NULL,NULL,"0"
"474","H1A119167","H1A119167",NULL,NULL,"0"
"475","H1A120300","H1A120300",NULL,NULL,"0"
"476","H1A116802","H1A116802",NULL,NULL,"0"
"477","H1A116380","H1A116380",NULL,NULL,"0"
"478","H1A119394","H1A119394",NULL,NULL,"0"
"479","H1A117221","H1A117221",NULL,NULL,"0"
"480","H1A120086","H1A120086",NULL,NULL,"0"
"481","H1A118430","H1A118430",NULL,NULL,"0"
"482","H1A117494","H1A117494",NULL,NULL,"0"
"483","H1A120301","H1A120301",NULL,NULL,"0"
"484","H1A115072","H1A115072",NULL,NULL,"0"
"485","H1A119168","H1A119168",NULL,NULL,"0"
"486","H1A118197","H1A118197",NULL,NULL,"0"
"487","H1A116805","H1A116805",NULL,NULL,"0"
"488","H1A116386","H1A116386",NULL,NULL,"0"
"489","H1A119395","H1A119395",NULL,NULL,"0"
"490","H1A118431","H1A118431",NULL,NULL,"0"
"491","H1A120088","H1A120088",NULL,NULL,"0"
"492","H1A117495","H1A117495",NULL,NULL,"0"
"493","H1A119169","H1A119169",NULL,NULL,"0"
"494","H1A115073","H1A115073",NULL,NULL,"0"
"495","H1A118199","H1A118199",NULL,NULL,"0"
"496","H1A120302","H1A120302",NULL,NULL,"0"
"497","H1A116807","H1A116807",NULL,NULL,"0"
"498","H1A119396","H1A119396",NULL,NULL,"0"
"499","H1A117223","H1A117223",NULL,NULL,"0"
"500","H1A120089","H1A120089",NULL,NULL,"0"
"501","H1A118432","H1A118432",NULL,NULL,"0"
"502","H1A117496","H1A117496",NULL,NULL,"0"
"503","H1A116389","H1A116389",NULL,NULL,"0"
"504","H1A118201","H1A118201",NULL,NULL,"0"
"505","H1A119170","H1A119170",NULL,NULL,"0"
"506","H1A115075","H1A115075",NULL,NULL,"0"
"507","H1A120303","H1A120303",NULL,NULL,"0"
"508","H1A116808","H1A116808",NULL,NULL,"0"
"509","H1A119397","H1A119397",NULL,NULL,"0"
"510","H1A117497","H1A117497",NULL,NULL,"0"
"511","H1A120304","H1A120304",NULL,NULL,"0"
"512","H1A120090","H1A120090",NULL,NULL,"0"
"513","H1A115079","H1A115079",NULL,NULL,"0"
"514","H1A118202","H1A118202",NULL,NULL,"0"
"515","H1A116390","H1A116390",NULL,NULL,"0"
"516","H1A118433","H1A118433",NULL,NULL,"0"
"517","H1A119398","H1A119398",NULL,NULL,"0"
"518","H1A116819","H1A116819",NULL,NULL,"0"
"519","H1A120091","H1A120091",NULL,NULL,"0"
"520","H1A119172","H1A119172",NULL,NULL,"0"
"521","H1A120305","H1A120305",NULL,NULL,"0"
"522","H1A118203","H1A118203",NULL,NULL,"0"
"523","H1A119399","H1A119399",NULL,NULL,"0"
"524","H1A118434","H1A118434",NULL,NULL,"0"
"525","H1A116820","H1A116820",NULL,NULL,"0"
"526","H1A115092","H1A115092",NULL,NULL,"0"
"527","H1A116392","H1A116392",NULL,NULL,"0"
"528","H1A119173","H1A119173",NULL,NULL,"0"
"529","H1A117498","H1A117498",NULL,NULL,"0"
"530","H1A118435","H1A118435",NULL,NULL,"0"
"531","H1A118204","H1A118204",NULL,NULL,"0"
"532","H1A116821","H1A116821",NULL,NULL,"0"
"533","H1A117228","H1A117228",NULL,NULL,"0"
"534","H1A116395","H1A116395",NULL,NULL,"0"
"535","H1A117500","H1A117500",NULL,NULL,"0"
"536","H1A119174","H1A119174",NULL,NULL,"0"
"537","H1A119401","H1A119401",NULL,NULL,"0"
"538","H1A115099","H1A115099",NULL,NULL,"0"
"539","H1A118436","H1A118436",NULL,NULL,"0"
"540","H1A116822","H1A116822",NULL,NULL,"0"
"541","H1A117229","H1A117229",NULL,NULL,"0"
"542","H1A118206","H1A118206",NULL,NULL,"0"
"543","H1A115111","H1A115111",NULL,NULL,"0"
"544","H1A116400","H1A116400",NULL,NULL,"0"
"545","H1A119175","H1A119175",NULL,NULL,"0"
"546","H1A117502","H1A117502",NULL,NULL,"0"
"547","H1A119402","H1A119402",NULL,NULL,"0"
"548","H1A118437","H1A118437",NULL,NULL,"0"
"549","H1A116823","H1A116823",NULL,NULL,"0"
"550","H1A117230","H1A117230",NULL,NULL,"0"
"551","H1A115126","H1A115126",NULL,NULL,"0"
"552","H1A118207","H1A118207",NULL,NULL,"0"
"553","H1A116401","H1A116401",NULL,NULL,"0"
"554","H1A119403","H1A119403",NULL,NULL,"0"
"555","H1A119176","H1A119176",NULL,NULL,"0"
"556","H1A117504","H1A117504",NULL,NULL,"0"
"557","H1A116827","H1A116827",NULL,NULL,"0"
"558","H1A118438","H1A118438",NULL,NULL,"0"
"559","H1A117231","H1A117231",NULL,NULL,"0"
"560","H1A118209","H1A118209",NULL,NULL,"0"
"561","H1A116402","H1A116402",NULL,NULL,"0"
"562","H1A115127","H1A115127",NULL,NULL,"0"
"563","H1A119404","H1A119404",NULL,NULL,"0"
"564","H1A119177","H1A119177",NULL,NULL,"0"
"565","H1A116828","H1A116828",NULL,NULL,"0"
"566","H1A117506","H1A117506",NULL,NULL,"0"
"567","H1A120099","H1A120099",NULL,NULL,"0"
"568","H1A117233","H1A117233",NULL,NULL,"0"
"569","H1A118210","H1A118210",NULL,NULL,"0"
"570","H1A115128","H1A115128",NULL,NULL,"0"
"571","H1A116403","H1A116403",NULL,NULL,"0"
"572","H1A119405","H1A119405",NULL,NULL,"0"
"573","H1A118440","H1A118440",NULL,NULL,"0"
"574","H1A117507","H1A117507",NULL,NULL,"0"
"575","H1A116831","H1A116831",NULL,NULL,"0"
"576","H1A120101","H1A120101",NULL,NULL,"0"
"577","H1A117235","H1A117235",NULL,NULL,"0"
"578","H1A115133","H1A115133",NULL,NULL,"0"
"579","H1A118211","H1A118211",NULL,NULL,"0"
"580","H1A116404","H1A116404",NULL,NULL,"0"
"581","H1A119406","H1A119406",NULL,NULL,"0"
"582","H1A119180","H1A119180",NULL,NULL,"0"
"583","H1A118442","H1A118442",NULL,NULL,"0"
"584","H1A117509","H1A117509",NULL,NULL,"0"
"585","H1A116837","H1A116837",NULL,NULL,"0"
"586","H1A120102","H1A120102",NULL,NULL,"0"
"587","H1A117236","H1A117236",NULL,NULL,"0"
"588","H1A115136","H1A115136",NULL,NULL,"0"
"589","H1A116409","H1A116409",NULL,NULL,"0"
"590","H1A119407","H1A119407",NULL,NULL,"0"
"591","H1A118443","H1A118443",NULL,NULL,"0"
"592","H1A117511","H1A117511",NULL,NULL,"0"
"593","H1A120103","H1A120103",NULL,NULL,"0"
"594","H1A120314","H1A120314",NULL,NULL,"0"
"595","H1A116841","H1A116841",NULL,NULL,"0"
"596","H1A117237","H1A117237",NULL,NULL,"0"
"597","H1A115138","H1A115138",NULL,NULL,"0"
"598","H1A118213","H1A118213",NULL,NULL,"0"
"599","H1A119408","H1A119408",NULL,NULL,"0"
"600","H1A116411","H1A116411",NULL,NULL,"0"
"601","H1A118445","H1A118445",NULL,NULL,"0"
"602","H1A117512","H1A117512",NULL,NULL,"0"
"603","H1A120104","H1A120104",NULL,NULL,"0"
"604","H1A120315","H1A120315",NULL,NULL,"0"
"605","H1A116842","H1A116842",NULL,NULL,"0"
"606","H1A117238","H1A117238",NULL,NULL,"0"
"607","H1A115140","H1A115140",NULL,NULL,"0"
"608","H1A118214","H1A118214",NULL,NULL,"0"
"609","H1A119183","H1A119183",NULL,NULL,"0"
"610","H1A119409","H1A119409",NULL,NULL,"0"
"611","H1A116412","H1A116412",NULL,NULL,"0"
"612","H1A118448","H1A118448",NULL,NULL,"0"
"613","H1A117513","H1A117513",NULL,NULL,"0"
"614","H1A120316","H1A120316",NULL,NULL,"0"
"615","H1A116843","H1A116843",NULL,NULL,"0"
"616","H1A117239","H1A117239",NULL,NULL,"0"
"617","H1A115146","H1A115146",NULL,NULL,"0"
"618","H1A119184","H1A119184",NULL,NULL,"0"
"619","H1A118215","H1A118215",NULL,NULL,"0"
"620","H1A119410","H1A119410",NULL,NULL,"0"
"621","H1A116413","H1A116413",NULL,NULL,"0"
"622","H1A118449","H1A118449",NULL,NULL,"0"
"623","H1A117514","H1A117514",NULL,NULL,"0"
"624","H1A120317","H1A120317",NULL,NULL,"0"
"625","H1A116849","H1A116849",NULL,NULL,"0"
"626","H1A117240","H1A117240",NULL,NULL,"0"
"627","H1A115151","H1A115151",NULL,NULL,"0"
"628","H1A119185","H1A119185",NULL,NULL,"0"
"629","H1A119411","H1A119411",NULL,NULL,"0"
"630","H1A118217","H1A118217",NULL,NULL,"0"
"631","H1A116418","H1A116418",NULL,NULL,"0"
"632","H1A118450","H1A118450",NULL,NULL,"0"
"633","H1A117516","H1A117516",NULL,NULL,"0"
"634","H1A120318","H1A120318",NULL,NULL,"0"
"635","H1A116851","H1A116851",NULL,NULL,"0"
"636","H1A115152","H1A115152",NULL,NULL,"0"
"637","H1A119186","H1A119186",NULL,NULL,"0"
"638","H1A119412","H1A119412",NULL,NULL,"0"
"639","H1A118218","H1A118218",NULL,NULL,"0"
"640","H1A116419","H1A116419",NULL,NULL,"0"
"641","H1A117518","H1A117518",NULL,NULL,"0"
"642","H1A117243","H1A117243",NULL,NULL,"0"
"643","H1A116854","H1A116854",NULL,NULL,"0"
"644","H1A115168","H1A115168",NULL,NULL,"0"
"645","H1A119413","H1A119413",NULL,NULL,"0"
"646","H1A118219","H1A118219",NULL,NULL,"0"
"647","H1A116420","H1A116420",NULL,NULL,"0"
"648","H1A117519","H1A117519",NULL,NULL,"0"
"649","H1A117244","H1A117244",NULL,NULL,"0"
"650","H1A116859","H1A116859",NULL,NULL,"0"
"651","H1A115172","H1A115172",NULL,NULL,"0"
"652","H1A118220","H1A118220",NULL,NULL,"0"
"653","H1A119414","H1A119414",NULL,NULL,"0"
"654","H1A118455","H1A118455",NULL,NULL,"0"
"655","H1A116421","H1A116421",NULL,NULL,"0"
"656","H1A117520","H1A117520",NULL,NULL,"0"
"657","H1A117245","H1A117245",NULL,NULL,"0"
"658","H1A116861","H1A116861",NULL,NULL,"0"
"659","H1A119190","H1A119190",NULL,NULL,"0"
"660","H1A115182","H1A115182",NULL,NULL,"0"
"661","H1A118221","H1A118221",NULL,NULL,"0"
"662","H1A119415","H1A119415",NULL,NULL,"0"
"663","H1A118457","H1A118457",NULL,NULL,"0"
"664","H1A116422","H1A116422",NULL,NULL,"0"
"665","H1A117246","H1A117246",NULL,NULL,"0"
"666","H1A115191","H1A115191",NULL,NULL,"0"
"667","H1A118222","H1A118222",NULL,NULL,"0"
"668","H1A116423","H1A116423",NULL,NULL,"0"
"669","H1A118458","H1A118458",NULL,NULL,"0"
"670","H1A119416","H1A119416",NULL,NULL,"0"
"671","H1A117522","H1A117522",NULL,NULL,"0"
"672","H1A117247","H1A117247",NULL,NULL,"0"
"673","H1A115192","H1A115192",NULL,NULL,"0"
"674","H1A118224","H1A118224",NULL,NULL,"0"
"675","H1A119417","H1A119417",NULL,NULL,"0"
"676","H1A116424","H1A116424",NULL,NULL,"0"
"677","H1A116865","H1A116865",NULL,NULL,"0"
"678","H1A119193","H1A119193",NULL,NULL,"0"
"679","H1A115196","H1A115196",NULL,NULL,"0"
"680","H1A118225","H1A118225",NULL,NULL,"0"
"681","H1A119418","H1A119418",NULL,NULL,"0"
"682","H1A116425","H1A116425",NULL,NULL,"0"
"683","H1A116867","H1A116867",NULL,NULL,"0"
"684","H1A115200","H1A115200",NULL,NULL,"0"
"685","H1A118461","H1A118461",NULL,NULL,"0"
"686","H1A117527","H1A117527",NULL,NULL,"0"
"687","H1A117252","H1A117252",NULL,NULL,"0"
"688","H1A119420","H1A119420",NULL,NULL,"0"
"689","H1A116426","H1A116426",NULL,NULL,"0"
"690","H1A116868","H1A116868",NULL,NULL,"0"
"691","H1A118462","H1A118462",NULL,NULL,"0"
"692","H1A117528","H1A117528",NULL,NULL,"0"
"693","H1A118227","H1A118227",NULL,NULL,"0"
"694","H1A116429","H1A116429",NULL,NULL,"0"
"695","H1A117253","H1A117253",NULL,NULL,"0"
"696","H1A116869","H1A116869",NULL,NULL,"0"
"697","H1A119421","H1A119421",NULL,NULL,"0"
"698","H1A119196","H1A119196",NULL,NULL,"0"
"699","H1A120328","H1A120328",NULL,NULL,"0"
"700","H1A115210","H1A115210",NULL,NULL,"0"
"701","H1A117532","H1A117532",NULL,NULL,"0"
"702","H1A118229","H1A118229",NULL,NULL,"0"
"703","H1A116431","H1A116431",NULL,NULL,"0"
"704","H1A117255","H1A117255",NULL,NULL,"0"
"705","H1A119423","H1A119423",NULL,NULL,"0"
"706","H1A116875","H1A116875",NULL,NULL,"0"
"707","H1A119197","H1A119197",NULL,NULL,"0"
"708","H1A118465","H1A118465",NULL,NULL,"0"
"709","H1A118001","H1A118001",NULL,NULL,"0"
"710","H1A118230","H1A118230",NULL,NULL,"0"
"711","H1A116438","H1A116438",NULL,NULL,"0"
"712","H1A117256","H1A117256",NULL,NULL,"0"
"713","H1A119198","H1A119198",NULL,NULL,"0"
"714","H1A119424","H1A119424",NULL,NULL,"0"
"715","H1A116876","H1A116876",NULL,NULL,"0"
"716","H1A115214","H1A115214",NULL,NULL,"0"
"717","H1A118002","H1A118002",NULL,NULL,"0"
"718","H1A118231","H1A118231",NULL,NULL,"0"
"719","H1A116441","H1A116441",NULL,NULL,"0"
"720","H1A117257","H1A117257",NULL,NULL,"0"
"721","H1A119199","H1A119199",NULL,NULL,"0"
"722","H1A119425","H1A119425",NULL,NULL,"0"
"723","H1A116878","H1A116878",NULL,NULL,"0"
"724","H1A118004","H1A118004",NULL,NULL,"0"
"725","H1A118232","H1A118232",NULL,NULL,"0"
"726","H1A116444","H1A116444",NULL,NULL,"0"
"727","H1A117258","H1A117258",NULL,NULL,"0"
"728","H1A119200","H1A119200",NULL,NULL,"0"
"729","H1A115219","H1A115219",NULL,NULL,"0"
"730","H1A116880","H1A116880",NULL,NULL,"0"
"731","H1A119426","H1A119426",NULL,NULL,"0"
"732","H1A118005","H1A118005",NULL,NULL,"0"
"733","H1A120122","H1A120122",NULL,NULL,"0"
"734","H1A118233","H1A118233",NULL,NULL,"0"
"735","H1A116445","H1A116445",NULL,NULL,"0"
"736","H1A117260","H1A117260",NULL,NULL,"0"
"737","H1A119201","H1A119201",NULL,NULL,"0"
"738","H1A115243","H1A115243",NULL,NULL,"0"
"739","H1A116882","H1A116882",NULL,NULL,"0"
"740","H1A118470","H1A118470",NULL,NULL,"0"
"741","H1A118006","H1A118006",NULL,NULL,"0"
"742","H1A120123","H1A120123",NULL,NULL,"0"
"743","H1A118234","H1A118234",NULL,NULL,"0"
"744","H1A116447","H1A116447",NULL,NULL,"0"
"745","H1A117262","H1A117262",NULL,NULL,"0"
"746","H1A119202","H1A119202",NULL,NULL,"0"
"747","H1A115244","H1A115244",NULL,NULL,"0"
"748","H1A116887","H1A116887",NULL,NULL,"0"
"749","H1A118471","H1A118471",NULL,NULL,"0"
"750","H1A120335","H1A120335",NULL,NULL,"0"
"751","H1A118235","H1A118235",NULL,NULL,"0"
"752","H1A119429","H1A119429",NULL,NULL,"0"
"753","H1A116449","H1A116449",NULL,NULL,"0"
"754","H1A117263","H1A117263",NULL,NULL,"0"
"755","H1A119203","H1A119203",NULL,NULL,"0"
"756","H1A115250","H1A115250",NULL,NULL,"0"
"757","H1A116888","H1A116888",NULL,NULL,"0"
"758","H1A118472","H1A118472",NULL,NULL,"0"
"759","H1A118008","H1A118008",NULL,NULL,"0"
"760","H1A120336","H1A120336",NULL,NULL,"0"
"761","H1A118236","H1A118236",NULL,NULL,"0"
"762","H1A116451","H1A116451",NULL,NULL,"0"
"763","H1A119430","H1A119430",NULL,NULL,"0"
"764","H1A117264","H1A117264",NULL,NULL,"0"
"765","H1A119205","H1A119205",NULL,NULL,"0"
"766","H1A115251","H1A115251",NULL,NULL,"0"
"767","H1A116889","H1A116889",NULL,NULL,"0"
"768","H1A118009","H1A118009",NULL,NULL,"0"
"769","H1A118237","H1A118237",NULL,NULL,"0"
"770","H1A116453","H1A116453",NULL,NULL,"0"
"771","H1A119432","H1A119432",NULL,NULL,"0"
"772","H1A117266","H1A117266",NULL,NULL,"0"
"773","H1A119206","H1A119206",NULL,NULL,"0"
"774","H1A118011","H1A118011",NULL,NULL,"0"
"775","H1A116892","H1A116892",NULL,NULL,"0"
"776","H1A118238","H1A118238",NULL,NULL,"0"
"777","H1A116454","H1A116454",NULL,NULL,"0"
"778","H1A119433","H1A119433",NULL,NULL,"0"
"779","H1A118475","H1A118475",NULL,NULL,"0"
"780","H1A117267","H1A117267",NULL,NULL,"0"
"781","H1A115261","H1A115261",NULL,NULL,"0"
"782","H1A118012","H1A118012",NULL,NULL,"0"
"783","H1A119207","H1A119207",NULL,NULL,"0"
"784","H1A116893","H1A116893",NULL,NULL,"0"
"785","H1A118239","H1A118239",NULL,NULL,"0"
"786","H1A116456","H1A116456",NULL,NULL,"0"
"787","H1A119434","H1A119434",NULL,NULL,"0"
"788","H1A117268","H1A117268",NULL,NULL,"0"
"789","H1A120130","H1A120130",NULL,NULL,"0"
"790","H1A118013","H1A118013",NULL,NULL,"0"
"791","H1A119208","H1A119208",NULL,NULL,"0"
"792","H1A116894","H1A116894",NULL,NULL,"0"
"793","H1A118240","H1A118240",NULL,NULL,"0"
"794","H1A116460","H1A116460",NULL,NULL,"0"
"795","H1A119435","H1A119435",NULL,NULL,"0"
"796","H1A117269","H1A117269",NULL,NULL,"0"
"797","H1A115275","H1A115275",NULL,NULL,"0"
"798","H1A119209","H1A119209",NULL,NULL,"0"
"799","H1A118014","H1A118014",NULL,NULL,"0"
"800","H1A116896","H1A116896",NULL,NULL,"0"
"801","H1A118241","H1A118241",NULL,NULL,"0"
"802","H1A116461","H1A116461",NULL,NULL,"0"
"803","H1A119436","H1A119436",NULL,NULL,"0"
"804","H1A117273","H1A117273",NULL,NULL,"0"
"805","H1A115276","H1A115276",NULL,NULL,"0"
"806","H1A119210","H1A119210",NULL,NULL,"0"
"807","H1A118015","H1A118015",NULL,NULL,"0"
"808","H1A116897","H1A116897",NULL,NULL,"0"
"809","H1A118242","H1A118242",NULL,NULL,"0"
"810","H1A116465","H1A116465",NULL,NULL,"0"
"811","H1A119437","H1A119437",NULL,NULL,"0"
"812","H1A115277","H1A115277",NULL,NULL,"0"
"813","H1A117274","H1A117274",NULL,NULL,"0"
"814","H1A118016","H1A118016",NULL,NULL,"0"
"815","H1A118243","H1A118243",NULL,NULL,"0"
"816","H1A116899","H1A116899",NULL,NULL,"0"
"817","H1A119439","H1A119439",NULL,NULL,"0"
"818","H1A118481","H1A118481",NULL,NULL,"0"
"819","H1A119212","H1A119212",NULL,NULL,"0"
"820","H1A115281","H1A115281",NULL,NULL,"0"
"821","H1A117275","H1A117275",NULL,NULL,"0"
"822","H1A116900","H1A116900",NULL,NULL,"0"
"823","H1A118244","H1A118244",NULL,NULL,"0"
"824","H1A116474","H1A116474",NULL,NULL,"0"
"825","H1A119440","H1A119440",NULL,NULL,"0"
"826","H1A118482","H1A118482",NULL,NULL,"0"
"827","H1A119213","H1A119213",NULL,NULL,"0"
"828","H1A118018","H1A118018",NULL,NULL,"0"
"829","H1A115283","H1A115283",NULL,NULL,"0"
"830","H1A117276","H1A117276",NULL,NULL,"0"
"831","H1A118245","H1A118245",NULL,NULL,"0"
"832","H1A116902","H1A116902",NULL,NULL,"0"
"833","H1A116477","H1A116477",NULL,NULL,"0"
"834","H1A119443","H1A119443",NULL,NULL,"0"
"835","H1A119214","H1A119214",NULL,NULL,"0"
"836","H1A117279","H1A117279",NULL,NULL,"0"
"837","H1A118019","H1A118019",NULL,NULL,"0"
"838","H1A115293","H1A115293",NULL,NULL,"0"
"839","H1A116482","H1A116482",NULL,NULL,"0"
"840","H1A116906","H1A116906",NULL,NULL,"0"
"841","H1A119445","H1A119445",NULL,NULL,"0"
"842","H1A119216","H1A119216",NULL,NULL,"0"
"843","H1A117281","H1A117281",NULL,NULL,"0"
"844","H1A118247","H1A118247",NULL,NULL,"0"
"845","H1A118020","H1A118020",NULL,NULL,"0"
"846","H1A115299","H1A115299",NULL,NULL,"0"
"847","H1A116483","H1A116483",NULL,NULL,"0"
"848","H1A116907","H1A116907",NULL,NULL,"0"
"849","H1A119446","H1A119446",NULL,NULL,"0"
"850","H1A118489","H1A118489",NULL,NULL,"0"
"851","H1A119218","H1A119218",NULL,NULL,"0"
"852","H1A117283","H1A117283",NULL,NULL,"0"
"853","H1A118248","H1A118248",NULL,NULL,"0"
"854","H1A118021","H1A118021",NULL,NULL,"0"
"855","H1A118490","H1A118490",NULL,NULL,"0"
"856","H1A116909","H1A116909",NULL,NULL,"0"
"857","H1A119448","H1A119448",NULL,NULL,"0"
"858","H1A116485","H1A116485",NULL,NULL,"0"
"859","H1A117285","H1A117285",NULL,NULL,"0"
"860","H1A118249","H1A118249",NULL,NULL,"0"
"861","H1A118022","H1A118022",NULL,NULL,"0"
"862","H1A120350","H1A120350",NULL,NULL,"0"
"863","H1A115326","H1A115326",NULL,NULL,"0"
"864","H1A118491","H1A118491",NULL,NULL,"0"
"865","H1A119449","H1A119449",NULL,NULL,"0"
"866","H1A116488","H1A116488",NULL,NULL,"0"
"867","H1A117286","H1A117286",NULL,NULL,"0"
"868","H1A118250","H1A118250",NULL,NULL,"0"
"869","H1A118023","H1A118023",NULL,NULL,"0"
"870","H1A115337","H1A115337",NULL,NULL,"0"
"871","H1A116911","H1A116911",NULL,NULL,"0"
"872","H1A116491","H1A116491",NULL,NULL,"0"
"873","H1A119450","H1A119450",NULL,NULL,"0"
"874","H1A119221","H1A119221",NULL,NULL,"0"
"875","H1A117287","H1A117287",NULL,NULL,"0"
"876","H1A118251","H1A118251",NULL,NULL,"0"
"877","H1A118025","H1A118025",NULL,NULL,"0"
"878","H1A115340","H1A115340",NULL,NULL,"0"
"879","H1A118494","H1A118494",NULL,NULL,"0"
"880","H1A116912","H1A116912",NULL,NULL,"0"
"881","H1A116492","H1A116492",NULL,NULL,"0"
"882","H1A119451","H1A119451",NULL,NULL,"0"
"883","H1A119222","H1A119222",NULL,NULL,"0"
"884","H1A117288","H1A117288",NULL,NULL,"0"
"885","H1A118253","H1A118253",NULL,NULL,"0"
"886","H1A118027","H1A118027",NULL,NULL,"0"
"887","H1A115348","H1A115348",NULL,NULL,"0"
"888","H1A119453","H1A119453",NULL,NULL,"0"
"889","H1A117001","H1A117001",NULL,NULL,"0"
"890","H1A116497","H1A116497",NULL,NULL,"0"
"891","H1A119223","H1A119223",NULL,NULL,"0"
"892","H1A117289","H1A117289",NULL,NULL,"0"
"893","H1A118255","H1A118255",NULL,NULL,"0"
"894","H1A118028","H1A118028",NULL,NULL,"0"
"895","H1A115358","H1A115358",NULL,NULL,"0"
"896","H1A118497","H1A118497",NULL,NULL,"0"
"897","H1A119454","H1A119454",NULL,NULL,"0"
"898","H1A117003","H1A117003",NULL,NULL,"0"
"899","H1A119224","H1A119224",NULL,NULL,"0"
"900","H1A120355","H1A120355",NULL,NULL,"0"
"901","H1A117291","H1A117291",NULL,NULL,"0"
"902","H1A118256","H1A118256",NULL,NULL,"0"
"903","H1A118029","H1A118029",NULL,NULL,"0"
"904","H1A116502","H1A116502",NULL,NULL,"0"
"905","H1A115370","H1A115370",NULL,NULL,"0"
"906","H1A117005","H1A117005",NULL,NULL,"0"
"907","H1A119455","H1A119455",NULL,NULL,"0"
"908","H1A118498","H1A118498",NULL,NULL,"0"
"909","H1A118031","H1A118031",NULL,NULL,"0"
"910","H1A117292","H1A117292",NULL,NULL,"0"
"911","H1A120356","H1A120356",NULL,NULL,"0"
"912","H1A118257","H1A118257",NULL,NULL,"0"
"913","H1A118258","H1A118258",NULL,NULL,"0"
"914","H1A118032","H1A118032",NULL,NULL,"0"
"915","H1A116506","H1A116506",NULL,NULL,"0"
"916","H1A115373","H1A115373",NULL,NULL,"0"
"917","H1A117293","H1A117293",NULL,NULL,"0"
"918","H1A119227","H1A119227",NULL,NULL,"0"
"919","H1A117008","H1A117008",NULL,NULL,"0"
"920","H1A118501","H1A118501",NULL,NULL,"0"
"921","H1A119457","H1A119457",NULL,NULL,"0"
"922","H1A118259","H1A118259",NULL,NULL,"0"
"923","H1A118033","H1A118033",NULL,NULL,"0"
"924","H1A119458","H1A119458",NULL,NULL,"0"
"925","H1A117299","H1A117299",NULL,NULL,"0"
"926","H1A117011","H1A117011",NULL,NULL,"0"
"927","H1A120359","H1A120359",NULL,NULL,"0"
"928","H1A118260","H1A118260",NULL,NULL,"0"
"929","H1A115383","H1A115383",NULL,NULL,"0"
"930","H1A118034","H1A118034",NULL,NULL,"0"
"931","H1A117300","H1A117300",NULL,NULL,"0"
"932","H1A117012","H1A117012",NULL,NULL,"0"
"933","H1A120360","H1A120360",NULL,NULL,"0"
"934","H1A116509","H1A116509",NULL,NULL,"0"
"935","H1A119230","H1A119230",NULL,NULL,"0"
"936","H1A117301","H1A117301",NULL,NULL,"0"
"937","H1A115392","H1A115392",NULL,NULL,"0"
"938","H1A118261","H1A118261",NULL,NULL,"0"
"939","H1A118035","H1A118035",NULL,NULL,"0"
"940","H1A117014","H1A117014",NULL,NULL,"0"
"941","H1A118505","H1A118505",NULL,NULL,"0"
"942","H1A120361","H1A120361",NULL,NULL,"0"
"943","H1A119231","H1A119231",NULL,NULL,"0"
"944","H1A119462","H1A119462",NULL,NULL,"0"
"945","H1A116510","H1A116510",NULL,NULL,"0"
"946","H1A117302","H1A117302",NULL,NULL,"0"
"947","H1A118262","H1A118262",NULL,NULL,"0"
"948","H1A118036","H1A118036",NULL,NULL,"0"
"949","H1A115394","H1A115394",NULL,NULL,"0"
"950","H1A117015","H1A117015",NULL,NULL,"0"
"951","H1A118506","H1A118506",NULL,NULL,"0"
"952","H1A120362","H1A120362",NULL,NULL,"0"
"953","H1A119232","H1A119232",NULL,NULL,"0"
"954","H1A116512","H1A116512",NULL,NULL,"0"
"955","H1A117303","H1A117303",NULL,NULL,"0"
"956","H1A119463","H1A119463",NULL,NULL,"0"
"957","H1A118037","H1A118037",NULL,NULL,"0"
"958","H1A118263","H1A118263",NULL,NULL,"0"
"959","H1A115402","H1A115402",NULL,NULL,"0"
"960","H1A118507","H1A118507",NULL,NULL,"0"
"961","H1A120156","H1A120156",NULL,NULL,"0"
"962","H1A120363","H1A120363",NULL,NULL,"0"
"963","H1A119233","H1A119233",NULL,NULL,"0"
"964","H1A116513","H1A116513",NULL,NULL,"0"
"965","H1A118264","H1A118264",NULL,NULL,"0"
"966","H1A118040","H1A118040",NULL,NULL,"0"
"967","H1A115411","H1A115411",NULL,NULL,"0"
"968","H1A119464","H1A119464",NULL,NULL,"0"
"969","H1A117018","H1A117018",NULL,NULL,"0"
"970","H1A119001","H1A119001",NULL,NULL,"0"
"971","H1A120364","H1A120364",NULL,NULL,"0"
"972","H1A119234","H1A119234",NULL,NULL,"0"
"973","H1A117305","H1A117305",NULL,NULL,"0"
"974","H1A116515","H1A116515",NULL,NULL,"0"
"975","H1A118265","H1A118265",NULL,NULL,"0"
"976","H1A118041","H1A118041",NULL,NULL,"0"
"977","H1A115419","H1A115419",NULL,NULL,"0"
"978","H1A119465","H1A119465",NULL,NULL,"0"
"979","H1A120365","H1A120365",NULL,NULL,"0"
"980","H1A119002","H1A119002",NULL,NULL,"0"
"981","H1A117021","H1A117021",NULL,NULL,"0"
"982","H1A120158","H1A120158",NULL,NULL,"0"
"983","H1A117308","H1A117308",NULL,NULL,"0"
"984","H1A119235","H1A119235",NULL,NULL,"0"
"985","H1A116517","H1A116517",NULL,NULL,"0"
"986","H1A118043","H1A118043",NULL,NULL,"0"
"987","H1A118266","H1A118266",NULL,NULL,"0"
"988","H1A115422","H1A115422",NULL,NULL,"0"
"989","H1A120366","H1A120366",NULL,NULL,"0"
"990","H1A120159","H1A120159",NULL,NULL,"0"
"991","H1A117023","H1A117023",NULL,NULL,"0"
"992","H1A119466","H1A119466",NULL,NULL,"0"
"993","H1A117310","H1A117310",NULL,NULL,"0"
"994","H1A119236","H1A119236",NULL,NULL,"0"
"995","H1A116519","H1A116519",NULL,NULL,"0"
"996","H1A118044","H1A118044",NULL,NULL,"0"
"997","H1A118267","H1A118267",NULL,NULL,"0"
"998","H1A120367","H1A120367",NULL,NULL,"0"
"999","H1A119007","H1A119007",NULL,NULL,"0"
"1000","H1A115432","H1A115432",NULL,NULL,"0"
"1001","H1A117024","H1A117024",NULL,NULL,"0"
"1002","H1A119467","H1A119467",NULL,NULL,"0"
"1003","H1A117311","H1A117311",NULL,NULL,"0"
"1004","H1A119237","H1A119237",NULL,NULL,"0"
"1005","H1A116520","H1A116520",NULL,NULL,"0"
"1006","H1A118268","H1A118268",NULL,NULL,"0"
"1007","H1A118045","H1A118045",NULL,NULL,"0"
"1008","H1A120161","H1A120161",NULL,NULL,"0"
"1009","H1A119008","H1A119008",NULL,NULL,"0"
"1010","H1A115435","H1A115435",NULL,NULL,"0"
"1011","H1A119468","H1A119468",NULL,NULL,"0"
"1012","H1A117312","H1A117312",NULL,NULL,"0"
"1013","H1A116524","H1A116524",NULL,NULL,"0"
"1014","H1A118046","H1A118046",NULL,NULL,"0"
"1015","H1A118269","H1A118269",NULL,NULL,"0"
"1016","H1A120162","H1A120162",NULL,NULL,"0"
"1017","H1A120369","H1A120369",NULL,NULL,"0"
"1018","H1A117029","H1A117029",NULL,NULL,"0"
"1019","H1A115437","H1A115437",NULL,NULL,"0"
"1020","H1A119470","H1A119470",NULL,NULL,"0"
"1021","H1A119240","H1A119240",NULL,NULL,"0"
"1022","H1A117313","H1A117313",NULL,NULL,"0"
"1023","H1A116525","H1A116525",NULL,NULL,"0"
"1024","H1A118270","H1A118270",NULL,NULL,"0"
"1025","H1A120163","H1A120163",NULL,NULL,"0"
"1026","H1A118047","H1A118047",NULL,NULL,"0"
"1027","H1A120370","H1A120370",NULL,NULL,"0"
"1028","H1A117030","H1A117030",NULL,NULL,"0"
"1029","H1A116001","H1A116001",NULL,NULL,"0"
"1030","H1A119471","H1A119471",NULL,NULL,"0"
"1031","H1A119241","H1A119241",NULL,NULL,"0"
"1032","H1A117314","H1A117314",NULL,NULL,"0"
"1033","H1A116528","H1A116528",NULL,NULL,"0"
"1034","H1A118271","H1A118271",NULL,NULL,"0"
"1035","H1A120164","H1A120164",NULL,NULL,"0"
"1036","H1A119012","H1A119012",NULL,NULL,"0"
"1037","H1A118048","H1A118048",NULL,NULL,"0"
"1038","H1A117031","H1A117031",NULL,NULL,"0"
"1039","H1A116010","H1A116010",NULL,NULL,"0"
"1040","H1A119473","H1A119473",NULL,NULL,"0"
"1041","H1A119242","H1A119242",NULL,NULL,"0"
"1042","H1A117316","H1A117316",NULL,NULL,"0"
"1043","H1A116529","H1A116529",NULL,NULL,"0"
"1044","H1A118272","H1A118272",NULL,NULL,"0"
"1045","H1A120165","H1A120165",NULL,NULL,"0"
"1046","H1A119013","H1A119013",NULL,NULL,"0"
"1047","H1A118049","H1A118049",NULL,NULL,"0"
"1048","H1A117032","H1A117032",NULL,NULL,"0"
"1049","H1A119474","H1A119474",NULL,NULL,"0"
"1050","H1A116012","H1A116012",NULL,NULL,"0"
"1051","H1A119243","H1A119243",NULL,NULL,"0"
"1052","H1A117317","H1A117317",NULL,NULL,"0"
"1053","H1A116533","H1A116533",NULL,NULL,"0"
"1054","H1A120166","H1A120166",NULL,NULL,"0"
"1055","H1A119014","H1A119014",NULL,NULL,"0"
"1056","H1A118050","H1A118050",NULL,NULL,"0"
"1057","H1A119475","H1A119475",NULL,NULL,"0"
"1058","H1A116015","H1A116015",NULL,NULL,"0"
"1059","H1A119244","H1A119244",NULL,NULL,"0"
"1060","H1A117319","H1A117319",NULL,NULL,"0"
"1061","H1A120167","H1A120167",NULL,NULL,"0"
"1062","H1A119016","H1A119016",NULL,NULL,"0"
"1063","H1A118051","H1A118051",NULL,NULL,"0"
"1064","H1A119477","H1A119477",NULL,NULL,"0"
"1065","H1A116021","H1A116021",NULL,NULL,"0"
"1066","H1A119245","H1A119245",NULL,NULL,"0"
"1067","H1A117320","H1A117320",NULL,NULL,"0"
"1068","H1A116538","H1A116538",NULL,NULL,"0"
"1069","H1A118277","H1A118277",NULL,NULL,"0"
"1070","H1A120375","H1A120375",NULL,NULL,"0"
"1071","H1A120168","H1A120168",NULL,NULL,"0"
"1072","H1A119017","H1A119017",NULL,NULL,"0"
"1073","H1A118052","H1A118052",NULL,NULL,"0"
"1074","H1A119478","H1A119478",NULL,NULL,"0"
"1075","H1A116025","H1A116025",NULL,NULL,"0"
"1076","H1A117321","H1A117321",NULL,NULL,"0"
"1077","H1A117037","H1A117037",NULL,NULL,"0"
"1078","H1A119018","H1A119018",NULL,NULL,"0"
"1079","H1A118053","H1A118053",NULL,NULL,"0"
"1080","H1A119479","H1A119479",NULL,NULL,"0"
"1081","H1A116027","H1A116027",NULL,NULL,"0"
"1082","H1A119247","H1A119247",NULL,NULL,"0"
"1083","H1A116540","H1A116540",NULL,NULL,"0"
"1084","H1A117323","H1A117323",NULL,NULL,"0"
"1085","H1A118279","H1A118279",NULL,NULL,"0"
"1086","H1A117038","H1A117038",NULL,NULL,"0"
"1087","H1A119020","H1A119020",NULL,NULL,"0"
"1088","H1A118054","H1A118054",NULL,NULL,"0"
"1089","H1A119481","H1A119481",NULL,NULL,"0"
"1090","H1A116028","H1A116028",NULL,NULL,"0"
"1091","H1A119248","H1A119248",NULL,NULL,"0"
"1092","H1A116541","H1A116541",NULL,NULL,"0"
"1093","H1A117324","H1A117324",NULL,NULL,"0"
"1094","H1A118280","H1A118280",NULL,NULL,"0"
"1095","H1A120378","H1A120378",NULL,NULL,"0"
"1096","H1A117039","H1A117039",NULL,NULL,"0"
"1097","H1A119023","H1A119023",NULL,NULL,"0"
"1098","H1A119482","H1A119482",NULL,NULL,"0"
"1099","H1A116030","H1A116030",NULL,NULL,"0"
"1100","H1A119249","H1A119249",NULL,NULL,"0"
"1101","H1A116543","H1A116543",NULL,NULL,"0"
"1102","H1A117325","H1A117325",NULL,NULL,"0"
"1103","H1A117041","H1A117041",NULL,NULL,"0"
"1104","H1A119024","H1A119024",NULL,NULL,"0"
"1105","H1A119483","H1A119483",NULL,NULL,"0"
"1106","H1A116031","H1A116031",NULL,NULL,"0"
"1107","H1A120173","H1A120173",NULL,NULL,"0"
"1108","H1A117328","H1A117328",NULL,NULL,"0"
"1109","H1A116549","H1A116549",NULL,NULL,"0"
"1110","H1A118057","H1A118057",NULL,NULL,"0"
"1111","H1A119025","H1A119025",NULL,NULL,"0"
"1112","H1A119484","H1A119484",NULL,NULL,"0"
"1113","H1A116034","H1A116034",NULL,NULL,"0"
"1114","H1A118286","H1A118286",NULL,NULL,"0"
"1115","H1A117329","H1A117329",NULL,NULL,"0"
"1116","H1A116551","H1A116551",NULL,NULL,"0"
"1117","H1A118058","H1A118058",NULL,NULL,"0"
"1118","H1A119026","H1A119026",NULL,NULL,"0"
"1119","H1A119485","H1A119485",NULL,NULL,"0"
"1120","H1A116035","H1A116035",NULL,NULL,"0"
"1121","H1A119253","H1A119253",NULL,NULL,"0"
"1122","H1A118287","H1A118287",NULL,NULL,"0"
"1123","H1A117330","H1A117330",NULL,NULL,"0"
"1124","H1A116553","H1A116553",NULL,NULL,"0"
"1125","H1A118060","H1A118060",NULL,NULL,"0"
"1126","H1A117045","H1A117045",NULL,NULL,"0"
"1127","H1A119027","H1A119027",NULL,NULL,"0"
"1128","H1A116041","H1A116041",NULL,NULL,"0"
"1129","H1A119486","H1A119486",NULL,NULL,"0"
"1130","H1A119255","H1A119255",NULL,NULL,"0"
"1131","H1A118288","H1A118288",NULL,NULL,"0"
"1132","H1A118061","H1A118061",NULL,NULL,"0"
"1133","H1A117046","H1A117046",NULL,NULL,"0"
"1134","H1A116043","H1A116043",NULL,NULL,"0"
"1135","H1A119487","H1A119487",NULL,NULL,"0"
"1136","H1A117332","H1A117332",NULL,NULL,"0"
"1137","H1A116556","H1A116556",NULL,NULL,"0"
"1138","H1A119256","H1A119256",NULL,NULL,"0"
"1139","H1A118062","H1A118062",NULL,NULL,"0"
"1140","H1A118289","H1A118289",NULL,NULL,"0"
"1141","H1A119029","H1A119029",NULL,NULL,"0"
"1142","H1A119488","H1A119488",NULL,NULL,"0"
"1143","H1A116052","H1A116052",NULL,NULL,"0"
"1144","H1A120385","H1A120385",NULL,NULL,"0"
"1145","H1A117333","H1A117333",NULL,NULL,"0"
"1146","H1A116558","H1A116558",NULL,NULL,"0"
"1147","H1A117052","H1A117052",NULL,NULL,"0"
"1148","H1A119257","H1A119257",NULL,NULL,"0"
"1149","H1A118063","H1A118063",NULL,NULL,"0"
"1150","H1A118291","H1A118291",NULL,NULL,"0"
"1151","H1A116053","H1A116053",NULL,NULL,"0"
"1152","H1A117334","H1A117334",NULL,NULL,"0"
"1153","H1A116559","H1A116559",NULL,NULL,"0"
"1154","H1A119258","H1A119258",NULL,NULL,"0"
"1155","H1A119033","H1A119033",NULL,NULL,"0"
"1156","H1A119491","H1A119491",NULL,NULL,"0"
"1157","H1A116059","H1A116059",NULL,NULL,"0"
"1158","H1A116560","H1A116560",NULL,NULL,"0"
"1159","H1A117335","H1A117335",NULL,NULL,"0"
"1160","H1A117054","H1A117054",NULL,NULL,"0"
"1161","H1A118066","H1A118066",NULL,NULL,"0"
"1162","H1A119259","H1A119259",NULL,NULL,"0"
"1163","H1A119034","H1A119034",NULL,NULL,"0"
"1164","H1A119492","H1A119492",NULL,NULL,"0"
"1165","H1A116061","H1A116061",NULL,NULL,"0"
"1166","H1A117337","H1A117337",NULL,NULL,"0"
"1167","H1A116561","H1A116561",NULL,NULL,"0"
"1168","H1A117056","H1A117056",NULL,NULL,"0"
"1169","H1A119261","H1A119261",NULL,NULL,"0"
"1170","H1A119037","H1A119037",NULL,NULL,"0"
"1171","H1A118067","H1A118067",NULL,NULL,"0"
"1172","H1A119493","H1A119493",NULL,NULL,"0"
"1173","H1A116067","H1A116067",NULL,NULL,"0"
"1174","H1A117338","H1A117338",NULL,NULL,"0"
"1175","H1A116564","H1A116564",NULL,NULL,"0"
"1176","H1A118296","H1A118296",NULL,NULL,"0"
"1177","H1A117057","H1A117057",NULL,NULL,"0"
"1178","H1A119262","H1A119262",NULL,NULL,"0"
"1179","H1A119038","H1A119038",NULL,NULL,"0"
"1180","H1A118068","H1A118068",NULL,NULL,"0"
"1181","H1A120390","H1A120390",NULL,NULL,"0"
"1182","H1A116068","H1A116068",NULL,NULL,"0"
"1183","H1A116565","H1A116565",NULL,NULL,"0"
"1184","H1A118297","H1A118297",NULL,NULL,"0"
"1185","H1A117339","H1A117339",NULL,NULL,"0"
"1186","H1A116070","H1A116070",NULL,NULL,"0"
"1187","H1A118298","H1A118298",NULL,NULL,"0"
"1188","H1A116567","H1A116567",NULL,NULL,"0"
"1189","H1A117340","H1A117340",NULL,NULL,"0"
"1190","H1A119266","H1A119266",NULL,NULL,"0"
"1191","H1A119040","H1A119040",NULL,NULL,"0"
"1192","H1A116071","H1A116071",NULL,NULL,"0"
"1193","H1A118299","H1A118299",NULL,NULL,"0"
"1194","H1A116568","H1A116568",NULL,NULL,"0"
"1195","H1A117341","H1A117341",NULL,NULL,"0"
"1196","H1A119267","H1A119267",NULL,NULL,"0"
"1197","H1A118071","H1A118071",NULL,NULL,"0"
"1198","H1A119498","H1A119498",NULL,NULL,"0"
"1199","H1A120393","H1A120393",NULL,NULL,"0"
"1200","H1A119041","H1A119041",NULL,NULL,"0"
"1201","H1A116073","H1A116073",NULL,NULL,"0"
"1202","H1A117063","H1A117063",NULL,NULL,"0"
"1203","H1A118300","H1A118300",NULL,NULL,"0"
"1204","H1A117342","H1A117342",NULL,NULL,"0"
"1205","H1A119268","H1A119268",NULL,NULL,"0"
"1206","H1A119042","H1A119042",NULL,NULL,"0"
"1207","H1A118072","H1A118072",NULL,NULL,"0"
"1208","H1A119499","H1A119499",NULL,NULL,"0"
"1209","H1A116076","H1A116076",NULL,NULL,"0"
"1210","H1A117064","H1A117064",NULL,NULL,"0"
"1211","H1A116572","H1A116572",NULL,NULL,"0"
"1212","H1A118302","H1A118302",NULL,NULL,"0"
"1213","H1A117343","H1A117343",NULL,NULL,"0"
"1214","H1A119269","H1A119269",NULL,NULL,"0"
"1215","H1A120395","H1A120395",NULL,NULL,"0"
"1216","H1A118073","H1A118073",NULL,NULL,"0"
"1217","H1A119043","H1A119043",NULL,NULL,"0"
"1218","H1A119500","H1A119500",NULL,NULL,"0"
"1219","H1A117065","H1A117065",NULL,NULL,"0"
"1220","H1A118303","H1A118303",NULL,NULL,"0"
"1221","H1A116573","H1A116573",NULL,NULL,"0"
"1222","H1A117344","H1A117344",NULL,NULL,"0"
"1223","H1A118074","H1A118074",NULL,NULL,"0"
"1224","H1A120396","H1A120396",NULL,NULL,"0"
"1225","H1A119501","H1A119501",NULL,NULL,"0"
"1226","H1A119044","H1A119044",NULL,NULL,"0"
"1227","H1A117066","H1A117066",NULL,NULL,"0"
"1228","H1A118304","H1A118304",NULL,NULL,"0"
"1229","H1A116574","H1A116574",NULL,NULL,"0"
"1230","H1A117345","H1A117345",NULL,NULL,"0"
"1231","H1A119271","H1A119271",NULL,NULL,"0"
"1232","H1A118075","H1A118075",NULL,NULL,"0"
"1233","H1A116081","H1A116081",NULL,NULL,"0"
"1234","H1A120397","H1A120397",NULL,NULL,"0"
"1235","H1A117068","H1A117068",NULL,NULL,"0"
"1236","H1A118305","H1A118305",NULL,NULL,"0"
"1237","H1A117346","H1A117346",NULL,NULL,"0"
"1238","H1A116576","H1A116576",NULL,NULL,"0"
"1239","H1A119272","H1A119272",NULL,NULL,"0"
"1240","H1A120398","H1A120398",NULL,NULL,"0"
"1241","H1A116083","H1A116083",NULL,NULL,"0"
"1242","H1A119504","H1A119504",NULL,NULL,"0"
"1243","H1A117070","H1A117070",NULL,NULL,"0"
"1244","H1A117347","H1A117347",NULL,NULL,"0"
"1245","H1A116578","H1A116578",NULL,NULL,"0"
"1246","H1A118306","H1A118306",NULL,NULL,"0"
"1247","H1A118078","H1A118078",NULL,NULL,"0"
"1248","H1A119273","H1A119273",NULL,NULL,"0"
"1249","H1A120399","H1A120399",NULL,NULL,"0"
"1250","H1A119048","H1A119048",NULL,NULL,"0"
"1251","H1A119505","H1A119505",NULL,NULL,"0"
"1252","H1A116084","H1A116084",NULL,NULL,"0"
"1253","H1A117072","H1A117072",NULL,NULL,"0"
"1254","H1A117348","H1A117348",NULL,NULL,"0"
"1255","H1A116580","H1A116580",NULL,NULL,"0"
"1256","H1A118308","H1A118308",NULL,NULL,"0"
"1257","H1A119274","H1A119274",NULL,NULL,"0"
"1258","H1A116086","H1A116086",NULL,NULL,"0"
"1259","H1A119506","H1A119506",NULL,NULL,"0"
"1260","H1A117073","H1A117073",NULL,NULL,"0"
"1261","H1A119049","H1A119049",NULL,NULL,"0"
"1262","H1A116581","H1A116581",NULL,NULL,"0"
"1263","H1A118309","H1A118309",NULL,NULL,"0"
"1264","H1A118080","H1A118080",NULL,NULL,"0"
"1265","H1A119275","H1A119275",NULL,NULL,"0"
"1266","H1A116088","H1A116088",NULL,NULL,"0"
"1267","H1A119050","H1A119050",NULL,NULL,"0"
"1268","H1A119507","H1A119507",NULL,NULL,"0"
"1269","H1A117075","H1A117075",NULL,NULL,"0"
"1270","H1A116582","H1A116582",NULL,NULL,"0"
"1271","H1A118310","H1A118310",NULL,NULL,"0"
"1272","H1A120402","H1A120402",NULL,NULL,"0"
"1273","H1A118081","H1A118081",NULL,NULL,"0"
"1274","H1A119276","H1A119276",NULL,NULL,"0"
"1275","H1A116089","H1A116089",NULL,NULL,"0"
"1276","H1A117076","H1A117076",NULL,NULL,"0"
"1277","H1A119508","H1A119508",NULL,NULL,"0"
"1278","H1A116583","H1A116583",NULL,NULL,"0"
"1279","H1A118311","H1A118311",NULL,NULL,"0"
"1280","H1A118082","H1A118082",NULL,NULL,"0"
"1281","H1A120403","H1A120403",NULL,NULL,"0"
"1282","H1A119277","H1A119277",NULL,NULL,"0"
"1283","H1A116091","H1A116091",NULL,NULL,"0"
"1284","H1A117077","H1A117077",NULL,NULL,"0"
"1285","H1A116586","H1A116586",NULL,NULL,"0"
"1286","H1A119509","H1A119509",NULL,NULL,"0"
"1287","H1A118083","H1A118083",NULL,NULL,"0"
"1288","H1A120404","H1A120404",NULL,NULL,"0"
"1289","H1A119278","H1A119278",NULL,NULL,"0"
"1290","H1A116096","H1A116096",NULL,NULL,"0"
"1291","H1A119054","H1A119054",NULL,NULL,"0"
"1292","H1A117078","H1A117078",NULL,NULL,"0"
"1293","H1A118316","H1A118316",NULL,NULL,"0"
"1294","H1A116588","H1A116588",NULL,NULL,"0"
"1295","H1A119510","H1A119510",NULL,NULL,"0"
"1296","H1A118084","H1A118084",NULL,NULL,"0"
"1297","H1A120405","H1A120405",NULL,NULL,"0"
"1298","H1A119279","H1A119279",NULL,NULL,"0"
"1299","H1A116103","H1A116103",NULL,NULL,"0"
"1300","H1A119055","H1A119055",NULL,NULL,"0"
"1301","H1A118317","H1A118317",NULL,NULL,"0"
"1302","H1A117079","H1A117079",NULL,NULL,"0"
"1303","H1A116589","H1A116589",NULL,NULL,"0"
"1304","H1A119511","H1A119511",NULL,NULL,"0"
"1305","H1A118086","H1A118086",NULL,NULL,"0"
"1306","H1A120406","H1A120406",NULL,NULL,"0"
"1307","H1A117357","H1A117357",NULL,NULL,"0"
"1308","H1A119280","H1A119280",NULL,NULL,"0"
"1309","H1A116104","H1A116104",NULL,NULL,"0"
"1310","H1A119056","H1A119056",NULL,NULL,"0"
"1311","H1A117081","H1A117081",NULL,NULL,"0"
"1312","H1A116591","H1A116591",NULL,NULL,"0"
"1313","H1A119512","H1A119512",NULL,NULL,"0"
"1314","H1A120407","H1A120407",NULL,NULL,"0"
"1315","H1A118088","H1A118088",NULL,NULL,"0"
"1316","H1A117359","H1A117359",NULL,NULL,"0"
"1317","H1A119281","H1A119281",NULL,NULL,"0"
"1318","H1A116105","H1A116105",NULL,NULL,"0"
"1319","H1A119057","H1A119057",NULL,NULL,"0"
"1320","H1A116592","H1A116592",NULL,NULL,"0"
"1321","H1A117082","H1A117082",NULL,NULL,"0"
"1322","H1A119513","H1A119513",NULL,NULL,"0"
"1323","H1A120408","H1A120408",NULL,NULL,"0"
"1324","H1A118089","H1A118089",NULL,NULL,"0"
"1325","H1A117360","H1A117360",NULL,NULL,"0"
"1326","H1A119282","H1A119282",NULL,NULL,"0"
"1327","H1A119058","H1A119058",NULL,NULL,"0"
"1328","H1A119514","H1A119514",NULL,NULL,"0"
"1329","H1A116593","H1A116593",NULL,NULL,"0"
"1330","H1A118090","H1A118090",NULL,NULL,"0"
"1331","H1A117362","H1A117362",NULL,NULL,"0"
"1332","H1A116111","H1A116111",NULL,NULL,"0"
"1333","H1A118321","H1A118321",NULL,NULL,"0"
"1334","H1A119283","H1A119283",NULL,NULL,"0"
"1335","H1A119059","H1A119059",NULL,NULL,"0"
"1336","H1A117084","H1A117084",NULL,NULL,"0"
"1337","H1A119515","H1A119515",NULL,NULL,"0"
"1338","H1A118091","H1A118091",NULL,NULL,"0"
"1339","H1A116123","H1A116123",NULL,NULL,"0"
"1340","H1A118322","H1A118322",NULL,NULL,"0"
"1341","H1A119284","H1A119284",NULL,NULL,"0"
"1342","H1A119061","H1A119061",NULL,NULL,"0"
"1343","H1A117085","H1A117085",NULL,NULL,"0"
"1344","H1A119516","H1A119516",NULL,NULL,"0"
"1345","H1A117364","H1A117364",NULL,NULL,"0"
"1346","H1A118092","H1A118092",NULL,NULL,"0"
"1347","H1A116130","H1A116130",NULL,NULL,"0"
"1348","H1A118323","H1A118323",NULL,NULL,"0"
"1349","H1A119285","H1A119285",NULL,NULL,"0"
"1350","H1A117088","H1A117088",NULL,NULL,"0"
"1351","H1A119517","H1A119517",NULL,NULL,"0"
"1352","H1A118093","H1A118093",NULL,NULL,"0"
"1353","H1A116131","H1A116131",NULL,NULL,"0"
"1354","H1A118324","H1A118324",NULL,NULL,"0"
"1355","H1A119286","H1A119286",NULL,NULL,"0"
"1356","H1A117089","H1A117089",NULL,NULL,"0"
"1357","H1A119518","H1A119518",NULL,NULL,"0"
"1358","H1A117366","H1A117366",NULL,NULL,"0"
"1359","H1A119287","H1A119287",NULL,NULL,"0"
"1360","H1A118325","H1A118325",NULL,NULL,"0"
"1361","H1A117090","H1A117090",NULL,NULL,"0"
"1362","H1A119519","H1A119519",NULL,NULL,"0"
"1363","H1A117368","H1A117368",NULL,NULL,"0"
"1364","H1A118095","H1A118095",NULL,NULL,"0"
"1365","H1A119065","H1A119065",NULL,NULL,"0"
"1366","H1A116604","H1A116604",NULL,NULL,"0"
"1367","H1A118326","H1A118326",NULL,NULL,"0"
"1368","H1A117091","H1A117091",NULL,NULL,"0"
"1369","H1A119520","H1A119520",NULL,NULL,"0"
"1370","H1A117369","H1A117369",NULL,NULL,"0"
"1371","H1A118096","H1A118096",NULL,NULL,"0"
"1372","H1A119066","H1A119066",NULL,NULL,"0"
"1373","H1A116136","H1A116136",NULL,NULL,"0"
"1374","H1A116606","H1A116606",NULL,NULL,"0"
"1375","H1A118327","H1A118327",NULL,NULL,"0"
"1376","H1A117092","H1A117092",NULL,NULL,"0"
"1377","H1A118097","H1A118097",NULL,NULL,"0"
"1378","H1A117370","H1A117370",NULL,NULL,"0"
"1379","H1A116137","H1A116137",NULL,NULL,"0"
"1380","H1A119290","H1A119290",NULL,NULL,"0"
"1381","H1A118328","H1A118328",NULL,NULL,"0"
"1382","H1A116607","H1A116607",NULL,NULL,"0"
"1383","H1A117093","H1A117093",NULL,NULL,"0"
"1384","H1A118098","H1A118098",NULL,NULL,"0"
"1385","H1A117371","H1A117371",NULL,NULL,"0"
"1386","H1A116138","H1A116138",NULL,NULL,"0"
"1387","H1A119292","H1A119292",NULL,NULL,"0"
"1388","H1A118329","H1A118329",NULL,NULL,"0"
"1389","H1A116608","H1A116608",NULL,NULL,"0"
"1390","H1A120219","H1A120219",NULL,NULL,"0"
"1391","H1A117096","H1A117096",NULL,NULL,"0"
"1392","H1A119525","H1A119525",NULL,NULL,"0"
"1393","H1A117372","H1A117372",NULL,NULL,"0"
"1394","H1A118099","H1A118099",NULL,NULL,"0"
"1395","H1A120419","H1A120419",NULL,NULL,"0"
"1396","H1A116139","H1A116139",NULL,NULL,"0"
"1397","H1A119293","H1A119293",NULL,NULL,"0"
"1398","H1A118330","H1A118330",NULL,NULL,"0"
"1399","H1A116611","H1A116611",NULL,NULL,"0"
"1400","H1A117097","H1A117097",NULL,NULL,"0"
"1401","H1A119526","H1A119526",NULL,NULL,"0"
"1402","H1A119070","H1A119070",NULL,NULL,"0"
"1403","H1A118100","H1A118100",NULL,NULL,"0"
"1404","H1A117373","H1A117373",NULL,NULL,"0"
"1405","H1A120420","H1A120420",NULL,NULL,"0"
"1406","H1A116140","H1A116140",NULL,NULL,"0"
"1407","H1A118331","H1A118331",NULL,NULL,"0"
"1408","H1A116612","H1A116612",NULL,NULL,"0"
"1409","H1A119527","H1A119527",NULL,NULL,"0"
"1410","H1A119071","H1A119071",NULL,NULL,"0"
"1411","H1A117374","H1A117374",NULL,NULL,"0"
"1412","H1A118101","H1A118101",NULL,NULL,"0"
"1413","H1A120421","H1A120421",NULL,NULL,"0"
"1414","H1A116141","H1A116141",NULL,NULL,"0"
"1415","H1A118332","H1A118332",NULL,NULL,"0"
"1416","H1A117100","H1A117100",NULL,NULL,"0"
"1417","H1A116613","H1A116613",NULL,NULL,"0"
"1418","H1A117375","H1A117375",NULL,NULL,"0"
"1419","H1A120422","H1A120422",NULL,NULL,"0"
"1420","H1A119297","H1A119297",NULL,NULL,"0"
"1421","H1A118333","H1A118333",NULL,NULL,"0"
"1422","H1A116614","H1A116614",NULL,NULL,"0"
"1423","H1A117102","H1A117102",NULL,NULL,"0"
"1424","H1A119529","H1A119529",NULL,NULL,"0"
"1425","H1A120423","H1A120423",NULL,NULL,"0"
"1426","H1A119298","H1A119298",NULL,NULL,"0"
"1427","H1A118104","H1A118104",NULL,NULL,"0"
"1428","H1A120424","H1A120424",NULL,NULL,"0"
"1429","H1A118334","H1A118334",NULL,NULL,"0"
"1430","H1A116151","H1A116151",NULL,NULL,"0"
"1431","H1A116615","H1A116615",NULL,NULL,"0"
"1432","H1A119530","H1A119530",NULL,NULL,"0"
"1433","H1A117103","H1A117103",NULL,NULL,"0"
"1434","H1A118105","H1A118105",NULL,NULL,"0"
"1435","H1A116154","H1A116154",NULL,NULL,"0"
"1436","H1A117379","H1A117379",NULL,NULL,"0"
"1437","H1A116620","H1A116620",NULL,NULL,"0"
"1438","H1A119300","H1A119300",NULL,NULL,"0"
"1439","H1A119075","H1A119075",NULL,NULL,"0"
"1440","H1A117104","H1A117104",NULL,NULL,"0"
"1441","H1A118336","H1A118336",NULL,NULL,"0"
"1442","H1A118106","H1A118106",NULL,NULL,"0"
"1443","H1A116156","H1A116156",NULL,NULL,"0"
"1444","H1A117380","H1A117380",NULL,NULL,"0"
"1445","H1A119301","H1A119301",NULL,NULL,"0"
"1446","H1A119533","H1A119533",NULL,NULL,"0"
"1447","H1A116622","H1A116622",NULL,NULL,"0"
"1448","H1A117105","H1A117105",NULL,NULL,"0"
"1449","H1A118337","H1A118337",NULL,NULL,"0"
"1450","H1A118107","H1A118107",NULL,NULL,"0"
"1451","H1A117382","H1A117382",NULL,NULL,"0"
"1452","H1A116623","H1A116623",NULL,NULL,"0"
"1453","H1A116160","H1A116160",NULL,NULL,"0"
"1454","H1A119302","H1A119302",NULL,NULL,"0"
"1455","H1A119077","H1A119077",NULL,NULL,"0"
"1456","H1A118338","H1A118338",NULL,NULL,"0"
"1457","H1A118108","H1A118108",NULL,NULL,"0"
"1458","H1A119535","H1A119535",NULL,NULL,"0"
"1459","H1A117383","H1A117383",NULL,NULL,"0"
"1460","H1A116162","H1A116162",NULL,NULL,"0"
"1461","H1A117109","H1A117109",NULL,NULL,"0"
"1462","H1A116624","H1A116624",NULL,NULL,"0"
"1463","H1A119303","H1A119303",NULL,NULL,"0"
"1464","H1A119078","H1A119078",NULL,NULL,"0"
"1465","H1A120429","H1A120429",NULL,NULL,"0"
"1466","H1A118340","H1A118340",NULL,NULL,"0"
"1467","H1A118109","H1A118109",NULL,NULL,"0"
"1468","H1A117384","H1A117384",NULL,NULL,"0"
"1469","H1A116626","H1A116626",NULL,NULL,"0"
"1470","H1A119304","H1A119304",NULL,NULL,"0"
"1471","H1A116163","H1A116163",NULL,NULL,"0"
"1472","H1A119536","H1A119536",NULL,NULL,"0"
"1473","H1A119080","H1A119080",NULL,NULL,"0"
"1474","H1A117111","H1A117111",NULL,NULL,"0"
"1475","H1A120430","H1A120430",NULL,NULL,"0"
"1476","H1A118341","H1A118341",NULL,NULL,"0"
"1477","H1A116631","H1A116631",NULL,NULL,"0"
"1478","H1A118110","H1A118110",NULL,NULL,"0"
"1479","H1A116164","H1A116164",NULL,NULL,"0"
"1480","H1A119305","H1A119305",NULL,NULL,"0"
"1481","H1A119081","H1A119081",NULL,NULL,"0"
"1482","H1A119537","H1A119537",NULL,NULL,"0"
"1483","H1A117112","H1A117112",NULL,NULL,"0"
"1484","H1A118342","H1A118342",NULL,NULL,"0"
"1485","H1A118111","H1A118111",NULL,NULL,"0"
"1486","H1A116635","H1A116635",NULL,NULL,"0"
"1487","H1A116168","H1A116168",NULL,NULL,"0"
"1488","H1A119306","H1A119306",NULL,NULL,"0"
"1489","H1A119082","H1A119082",NULL,NULL,"0"
"1490","H1A119538","H1A119538",NULL,NULL,"0"
"1491","H1A117113","H1A117113",NULL,NULL,"0"
"1492","H1A117387","H1A117387",NULL,NULL,"0"
"1493","H1A118112","H1A118112",NULL,NULL,"0"
"1494","H1A116636","H1A116636",NULL,NULL,"0"
"1495","H1A116173","H1A116173",NULL,NULL,"0"
"1496","H1A119307","H1A119307",NULL,NULL,"0"
"1497","H1A117116","H1A117116",NULL,NULL,"0"
"1498","H1A118345","H1A118345",NULL,NULL,"0"
"1499","H1A117389","H1A117389",NULL,NULL,"0"
"1500","H1A118113","H1A118113",NULL,NULL,"0"
"1501","H1A116640","H1A116640",NULL,NULL,"0"
"1502","H1A119084","H1A119084",NULL,NULL,"0"
"1503","H1A119540","H1A119540",NULL,NULL,"0"
"1504","H1A119308","H1A119308",NULL,NULL,"0"
"1505","H1A117117","H1A117117",NULL,NULL,"0"
"1506","H1A117390","H1A117390",NULL,NULL,"0"
"1507","H1A120435","H1A120435",NULL,NULL,"0"
"1508","H1A118114","H1A118114",NULL,NULL,"0"
"1509","H1A116175","H1A116175",NULL,NULL,"0"
"1510","H1A116641","H1A116641",NULL,NULL,"0"
"1511","H1A119309","H1A119309",NULL,NULL,"0"
"1512","H1A119085","H1A119085",NULL,NULL,"0"
"1513","H1A119542","H1A119542",NULL,NULL,"0"
"1514","H1A118347","H1A118347",NULL,NULL,"0"
"1515","H1A117118","H1A117118",NULL,NULL,"0"
"1516","H1A117391","H1A117391",NULL,NULL,"0"
"1517","H1A118116","H1A118116",NULL,NULL,"0"
"1518","H1A116646","H1A116646",NULL,NULL,"0"
"1519","H1A116179","H1A116179",NULL,NULL,"0"
"1520","H1A119311","H1A119311",NULL,NULL,"0"
"1521","H1A118348","H1A118348",NULL,NULL,"0"
"1522","H1A119543","H1A119543",NULL,NULL,"0"
"1523","H1A117393","H1A117393",NULL,NULL,"0"
"1524","H1A118117","H1A118117",NULL,NULL,"0"
"1525","H1A116647","H1A116647",NULL,NULL,"0"
"1526","H1A116185","H1A116185",NULL,NULL,"0"
"1527","H1A119312","H1A119312",NULL,NULL,"0"
"1528","H1A117120","H1A117120",NULL,NULL,"0"
"1529","H1A118349","H1A118349",NULL,NULL,"0"
"1530","H1A119544","H1A119544",NULL,NULL,"0"
"1531","H1A120238","H1A120238",NULL,NULL,"0"
"1532","H1A117394","H1A117394",NULL,NULL,"0"
"1533","H1A118118","H1A118118",NULL,NULL,"0"
"1534","H1A116648","H1A116648",NULL,NULL,"0"
"1535","H1A119090","H1A119090",NULL,NULL,"0"
"1536","H1A116195","H1A116195",NULL,NULL,"0"
"1537","H1A118351","H1A118351",NULL,NULL,"0"
"1538","H1A119313","H1A119313",NULL,NULL,"0"
"1539","H1A120239","H1A120239",NULL,NULL,"0"
"1540","H1A117121","H1A117121",NULL,NULL,"0"
"1541","H1A119546","H1A119546",NULL,NULL,"0"
"1542","H1A120439","H1A120439",NULL,NULL,"0"
"1543","H1A117395","H1A117395",NULL,NULL,"0"
"1544","H1A118120","H1A118120",NULL,NULL,"0"
"1545","H1A116198","H1A116198",NULL,NULL,"0"
"1546","H1A118352","H1A118352",NULL,NULL,"0"
"1547","H1A120440","H1A120440",NULL,NULL,"0"
"1548","H1A119547","H1A119547",NULL,NULL,"0"
"1549","H1A119314","H1A119314",NULL,NULL,"0"
"1550","H1A117122","H1A117122",NULL,NULL,"0"
"1551","H1A117396","H1A117396",NULL,NULL,"0"
"1552","H1A118121","H1A118121",NULL,NULL,"0"
"1553","H1A116661","H1A116661",NULL,NULL,"0"
"1554","H1A116211","H1A116211",NULL,NULL,"0"
"1556","H1A118354","H1A118354",NULL,NULL,"0"
"1557","H1A119548","H1A119548",NULL,NULL,"0"
"1558","H1A119315","H1A119315",NULL,NULL,"0"
"1559","H1A120442","H1A120442",NULL,NULL,"0"
"1560","H1A117124","H1A117124",NULL,NULL,"0"
"1561","H1A118122","H1A118122",NULL,NULL,"0"
"1562","H1A116663","H1A116663",NULL,NULL,"0"
"1563","H1A116212","H1A116212",NULL,NULL,"0"
"1564","H1A117398","H1A117398",NULL,NULL,"0"
"1565","H1A119549","H1A119549",NULL,NULL,"0"
"1566","H1A119316","H1A119316",NULL,NULL,"0"
"1567","H1A117126","H1A117126",NULL,NULL,"0"
"1568","H1A119094","H1A119094",NULL,NULL,"0"
"1569","H1A118123","H1A118123",NULL,NULL,"0"
"1570","H1A116668","H1A116668",NULL,NULL,"0"
"1571","H1A120002","H1A120002",NULL,NULL,"0"
"1572","H1A117127","H1A117127",NULL,NULL,"0"
"1573","H1A119095","H1A119095",NULL,NULL,"0"
"1574","H1A118124","H1A118124",NULL,NULL,"0"
"1575","H1A116669","H1A116669",NULL,NULL,"0"
"1576","H1A116214","H1A116214",NULL,NULL,"0"
"1577","H1A119318","H1A119318",NULL,NULL,"0"
"1578","H1A117128","H1A117128",NULL,NULL,"0"
"1579","H1A119096","H1A119096",NULL,NULL,"0"
"1580","H1A116670","H1A116670",NULL,NULL,"0"
"1581","H1A116229","H1A116229",NULL,NULL,"0"
"1582","H1A117402","H1A117402",NULL,NULL,"0"
"1583","H1A118359","H1A118359",NULL,NULL,"0"
"1584","H1A119319","H1A119319",NULL,NULL,"0"
"1585","H1A117129","H1A117129",NULL,NULL,"0"
"1586","H1A119098","H1A119098",NULL,NULL,"0"
"1587","H1A116676","H1A116676",NULL,NULL,"0"
"1588","H1A116230","H1A116230",NULL,NULL,"0"
"1589","H1A117403","H1A117403",NULL,NULL,"0"
"1590","H1A118360","H1A118360",NULL,NULL,"0"
"1591","H1A120005","H1A120005",NULL,NULL,"0"
"1592","H1A119320","H1A119320",NULL,NULL,"0"
"1593","H1A117131","H1A117131",NULL,NULL,"0"
"1594","H1A116679","H1A116679",NULL,NULL,"0"
"1595","H1A116232","H1A116232",NULL,NULL,"0"
"1596","H1A117404","H1A117404",NULL,NULL,"0"
"1597","H1A119321","H1A119321",NULL,NULL,"0"
"1598","H1A117133","H1A117133",NULL,NULL,"0"
"1599","H1A116680","H1A116680",NULL,NULL,"0"
"1600","H1A116236","H1A116236",NULL,NULL,"0"
"1601","H1A118362","H1A118362",NULL,NULL,"0"
"1602","H1A117406","H1A117406",NULL,NULL,"0"
"1603","H1A120008","H1A120008",NULL,NULL,"0"
"1604","H1A119322","H1A119322",NULL,NULL,"0"
"1605","H1A117135","H1A117135",NULL,NULL,"0"
"1606","H1A119102","H1A119102",NULL,NULL,"0"
"1607","H1A116681","H1A116681",NULL,NULL,"0"
"1608","H1A116238","H1A116238",NULL,NULL,"0"
"1609","H1A117407","H1A117407",NULL,NULL,"0"
"1610","H1A118363","H1A118363",NULL,NULL,"0"
"1611","H1A119323","H1A119323",NULL,NULL,"0"
"1612","H1A120009","H1A120009",NULL,NULL,"0"
"1613","H1A118132","H1A118132",NULL,NULL,"0"
"1614","H1A117136","H1A117136",NULL,NULL,"0"
"1615","H1A119103","H1A119103",NULL,NULL,"0"
"1616","H1A116683","H1A116683",NULL,NULL,"0"
"1617","H1A116239","H1A116239",NULL,NULL,"0"
"1618","H1A118365","H1A118365",NULL,NULL,"0"
"1619","H1A119324","H1A119324",NULL,NULL,"0"
"1620","H1A120010","H1A120010",NULL,NULL,"0"
"1622","H1A117137","H1A117137",NULL,NULL,"0"
"1623","H1A119104","H1A119104",NULL,NULL,"0"
"1624","H1A116684","H1A116684",NULL,NULL,"0"
"1625","H1A116240","H1A116240",NULL,NULL,"0"
"1626","H1A118366","H1A118366",NULL,NULL,"0"
"1627","H1A117139","H1A117139",NULL,NULL,"0"
"1628","H1A116685","H1A116685",NULL,NULL,"0"
"1629","H1A116247","H1A116247",NULL,NULL,"0"
"1630","H1A118367","H1A118367",NULL,NULL,"0"
"1631","H1A119326","H1A119326",NULL,NULL,"0"
"1632","H1A119106","H1A119106",NULL,NULL,"0"
"1633","H1A117142","H1A117142",NULL,NULL,"0"
"1634","H1A116688","H1A116688",NULL,NULL,"0"
"1635","H1A116254","H1A116254",NULL,NULL,"0"
"1637","H1A119107","H1A119107",NULL,NULL,"0"
"1638","H1A117143","H1A117143",NULL,NULL,"0"
"1640","H1A116257","H1A116257",NULL,NULL,"0"
"1641","H1A117144","H1A117144",NULL,NULL,"0"
"1643","H1A119330","H1A119330",NULL,NULL,"0"
"1644","H1A117145","H1A117145",NULL,NULL,"0"
"1646","H1A117146","H1A117146",NULL,NULL,"0"
"1647","H1A117147","H1A117147",NULL,NULL,"0"
