"1","F1A218004","F1A218004",NULL,NULL,"0"
"2","F1A113064","F1A113064",NULL,NULL,"0"
"3","F1D219002","F1D219002",NULL,NULL,"0"
"4","F1D118051","F1D118051",NULL,NULL,"0"
"5","F1A113089","F1A113089",NULL,NULL,"0"
"6","F1B214004","F1B214004",NULL,NULL,"0"
"7","F1A118064","F1A118064",NULL,NULL,"0"
"8","F1G118041","F1G118041",NULL,NULL,"0"
"9","F1A113090","F1A113090",NULL,NULL,"0"
"10","F1B214005","F1B214005",NULL,NULL,"0"
"11","F1A118065","F1A118065",NULL,NULL,"0"
"12","F1G118042","F1G118042",NULL,NULL,"0"
"13","F1D118057","F1D118057",NULL,NULL,"0"
"14","F1D219005","F1D219005",NULL,NULL,"0"
"15","F1A218008","F1A218008",NULL,NULL,"0"
"16","F1B214012","F1B214012",NULL,NULL,"0"
"17","F1D118058","F1D118058",NULL,NULL,"0"
"18","F1B214020","F1B214020",NULL,NULL,"0"
"19","F1D219006","F1D219006",NULL,NULL,"0"
"20","F1A113097","F1A113097",NULL,NULL,"0"
"21","F1A218009","F1A218009",NULL,NULL,"0"
"22","F1G114042","F1G114042",NULL,NULL,"0"
"23","F1D118059","F1D118059",NULL,NULL,"0"
"24","F1B214023","F1B214023",NULL,NULL,"0"
"25","F1D119001","F1D119001",NULL,NULL,"0"
"26","F1G114043","F1G114043",NULL,NULL,"0"
"27","F1A218011","F1A218011",NULL,NULL,"0"
"28","F1B214025","F1B214025",NULL,NULL,"0"
"29","F1G114062","F1G114062",NULL,NULL,"0"
"30","F1D119003","F1D119003",NULL,NULL,"0"
"31","F1A113129","F1A113129",NULL,NULL,"0"
"32","F1B214027","F1B214027",NULL,NULL,"0"
"33","F1A218012","F1A218012",NULL,NULL,"0"
"34","F1C117082","F1C117082",NULL,NULL,"0"
"35","F1D119004","F1D119004",NULL,NULL,"0"
"36","F1G114063","F1G114063",NULL,NULL,"0"
"37","F1B214032","F1B214032",NULL,NULL,"0"
"38","F1A113134","F1A113134",NULL,NULL,"0"
"39","F1A218013","F1A218013",NULL,NULL,"0"
"40","F1C117083","F1C117083",NULL,NULL,"0"
"41","F1D119005","F1D119005",NULL,NULL,"0"
"42","F1G114064","F1G114064",NULL,NULL,"0"
"43","F1D219011","F1D219011",NULL,NULL,"0"
"44","F1B214033","F1B214033",NULL,NULL,"0"
"45","F1A114005","F1A114005",NULL,NULL,"0"
"46","F1A218014","F1A218014",NULL,NULL,"0"
"47","F1C117084","F1C117084",NULL,NULL,"0"
"48","F1D119007","F1D119007",NULL,NULL,"0"
"49","F1G114073","F1G114073",NULL,NULL,"0"
"50","F1D219012","F1D219012",NULL,NULL,"0"
"51","F1B214034","F1B214034",NULL,NULL,"0"
"52","F1A114008","F1A114008",NULL,NULL,"0"
"53","F1D119008","F1D119008",NULL,NULL,"0"
"54","F1G114075","F1G114075",NULL,NULL,"0"
"55","F1A119005","F1A119005",NULL,NULL,"0"
"56","F1B214035","F1B214035",NULL,NULL,"0"
"57","F1A114009","F1A114009",NULL,NULL,"0"
"58","F1A218016","F1A218016",NULL,NULL,"0"
"59","F1D119010","F1D119010",NULL,NULL,"0"
"60","F1G114079","F1G114079",NULL,NULL,"0"
"61","F1D219014","F1D219014",NULL,NULL,"0"
"62","F1B117002","F1B117002",NULL,NULL,"0"
"63","F1G118058","F1G118058",NULL,NULL,"0"
"64","F1B214037","F1B214037",NULL,NULL,"0"
"65","F1A114013","F1A114013",NULL,NULL,"0"
"66","F1D119011","F1D119011",NULL,NULL,"0"
"67","F1G114081","F1G114081",NULL,NULL,"0"
"68","F1B117003","F1B117003",NULL,NULL,"0"
"69","F1A119007","F1A119007",NULL,NULL,"0"
"70","F1D219016","F1D219016",NULL,NULL,"0"
"71","F1G118059","F1G118059",NULL,NULL,"0"
"72","F1A218018","F1A218018",NULL,NULL,"0"
"73","F1A114022","F1A114022",NULL,NULL,"0"
"74","F1D119012","F1D119012",NULL,NULL,"0"
"75","F1G114099","F1G114099",NULL,NULL,"0"
"76","F1B117004","F1B117004",NULL,NULL,"0"
"77","F1G118061","F1G118061",NULL,NULL,"0"
"78","F1D219017","F1D219017",NULL,NULL,"0"
"79","F1B214040","F1B214040",NULL,NULL,"0"
"80","F1A218019","F1A218019",NULL,NULL,"0"
"81","F1A114023","F1A114023",NULL,NULL,"0"
"82","F1D119013","F1D119013",NULL,NULL,"0"
"83","F1H113002","F1H113002",NULL,NULL,"0"
"84","F1B117007","F1B117007",NULL,NULL,"0"
"85","F1A119010","F1A119010",NULL,NULL,"0"
"86","F1G118062","F1G118062",NULL,NULL,"0"
"87","F1D219019","F1D219019",NULL,NULL,"0"
"88","F1B214042","F1B214042",NULL,NULL,"0"
"89","F1C117091","F1C117091",NULL,NULL,"0"
"90","F1D119014","F1D119014",NULL,NULL,"0"
"91","F1A218020","F1A218020",NULL,NULL,"0"
"92","F1A114032","F1A114032",NULL,NULL,"0"
"93","F1H113003","F1H113003",NULL,NULL,"0"
"94","F1G118063","F1G118063",NULL,NULL,"0"
"95","F1D219020","F1D219020",NULL,NULL,"0"
"96","F1B214043","F1B214043",NULL,NULL,"0"
"97","F1D119015","F1D119015",NULL,NULL,"0"
"98","F1A114035","F1A114035",NULL,NULL,"0"
"99","F1A218021","F1A218021",NULL,NULL,"0"
"100","F1H113013","F1H113013",NULL,NULL,"0"
"101","F1D219022","F1D219022",NULL,NULL,"0"
"102","F1B214055","F1B214055",NULL,NULL,"0"
"103","F1D119016","F1D119016",NULL,NULL,"0"
"104","F1A114038","F1A114038",NULL,NULL,"0"
"105","F1A218022","F1A218022",NULL,NULL,"0"
"106","F1H113024","F1H113024",NULL,NULL,"0"
"107","F1A119013","F1A119013",NULL,NULL,"0"
"108","F1B214059","F1B214059",NULL,NULL,"0"
"109","F1D219023","F1D219023",NULL,NULL,"0"
"110","F1A220093","F1A220093",NULL,NULL,"0"
"111","F1D119017","F1D119017",NULL,NULL,"0"
"112","F1A218023","F1A218023",NULL,NULL,"0"
"113","F1A114046","F1A114046",NULL,NULL,"0"
"114","F1H113037","F1H113037",NULL,NULL,"0"
"115","F1B214062","F1B214062",NULL,NULL,"0"
"116","F1A220094","F1A220094",NULL,NULL,"0"
"117","F1D219024","F1D219024",NULL,NULL,"0"
"118","F1D119018","F1D119018",NULL,NULL,"0"
"119","F1A119015","F1A119015",NULL,NULL,"0"
"120","F1H113045","F1H113045",NULL,NULL,"0"
"121","F1A218024","F1A218024",NULL,NULL,"0"
"122","F1A114049","F1A114049",NULL,NULL,"0"
"123","F1B214067","F1B214067",NULL,NULL,"0"
"124","F1A220095","F1A220095",NULL,NULL,"0"
"125","F1D219025","F1D219025",NULL,NULL,"0"
"126","F1D119019","F1D119019",NULL,NULL,"0"
"127","F1C118001","F1C118001",NULL,NULL,"0"
"128","F1H114003","F1H114003",NULL,NULL,"0"
"129","F1A218025","F1A218025",NULL,NULL,"0"
"130","F1A115003","F1A115003",NULL,NULL,"0"
"131","F1B214068","F1B214068",NULL,NULL,"0"
"132","F1D219026","F1D219026",NULL,NULL,"0"
"133","F1A220096","F1A220096",NULL,NULL,"0"
"134","F1D119020","F1D119020",NULL,NULL,"0"
"135","F1C118002","F1C118002",NULL,NULL,"0"
"136","F1H114021","F1H114021",NULL,NULL,"0"
"137","F1A218026","F1A218026",NULL,NULL,"0"
"138","F1B214069","F1B214069",NULL,NULL,"0"
"139","F1A115004","F1A115004",NULL,NULL,"0"
"140","F1A119018","F1A119018",NULL,NULL,"0"
"141","F1G118070","F1G118070",NULL,NULL,"0"
"142","F1D119021","F1D119021",NULL,NULL,"0"
"143","F1C118003","F1C118003",NULL,NULL,"0"
"144","F1H114026","F1H114026",NULL,NULL,"0"
"145","F1B214073","F1B214073",NULL,NULL,"0"
"146","F1A218027","F1A218027",NULL,NULL,"0"
"147","F1D219028","F1D219028",NULL,NULL,"0"
"148","F1A119019","F1A119019",NULL,NULL,"0"
"149","F1D119022","F1D119022",NULL,NULL,"0"
"150","F1G119001","F1G119001",NULL,NULL,"0"
"151","F1C118004","F1C118004",NULL,NULL,"0"
"152","F1H114034","F1H114034",NULL,NULL,"0"
"153","F1A220099","F1A220099",NULL,NULL,"0"
"154","F1B214074","F1B214074",NULL,NULL,"0"
"155","F1G119002","F1G119002",NULL,NULL,"0"
"156","F1D119023","F1D119023",NULL,NULL,"0"
"157","F1C118005","F1C118005",NULL,NULL,"0"
"158","F1H114035","F1H114035",NULL,NULL,"0"
"159","F1B214077","F1B214077",NULL,NULL,"0"
"160","F1A218030","F1A218030",NULL,NULL,"0"
"161","F1D219030","F1D219030",NULL,NULL,"0"
"162","F1D119024","F1D119024",NULL,NULL,"0"
"163","F1C118006","F1C118006",NULL,NULL,"0"
"164","F1H114039","F1H114039",NULL,NULL,"0"
"165","F1A115039","F1A115039",NULL,NULL,"0"
"166","F1B214079","F1B214079",NULL,NULL,"0"
"167","F1D219031","F1D219031",NULL,NULL,"0"
"168","F1A218031","F1A218031",NULL,NULL,"0"
"169","F1D119025","F1D119025",NULL,NULL,"0"
"170","F1H114051","F1H114051",NULL,NULL,"0"
"171","F1A115044","F1A115044",NULL,NULL,"0"
"172","F1A220102","F1A220102",NULL,NULL,"0"
"173","F1B214083","F1B214083",NULL,NULL,"0"
"174","F1A119024","F1A119024",NULL,NULL,"0"
"175","F1D219032","F1D219032",NULL,NULL,"0"
"176","F1D119026","F1D119026",NULL,NULL,"0"
"177","F1A218032","F1A218032",NULL,NULL,"0"
"178","F1C118008","F1C118008",NULL,NULL,"0"
"179","F1H114067","F1H114067",NULL,NULL,"0"
"180","F1A115050","F1A115050",NULL,NULL,"0"
"181","F1A220103","F1A220103",NULL,NULL,"0"
"182","F1B214085","F1B214085",NULL,NULL,"0"
"183","F1D219033","F1D219033",NULL,NULL,"0"
"184","F1D119027","F1D119027",NULL,NULL,"0"
"185","F1A218033","F1A218033",NULL,NULL,"0"
"186","F1C118011","F1C118011",NULL,NULL,"0"
"187","F1H114091","F1H114091",NULL,NULL,"0"
"188","F1A115060","F1A115060",NULL,NULL,"0"
"189","F1A220104","F1A220104",NULL,NULL,"0"
"190","F1B214087","F1B214087",NULL,NULL,"0"
"191","F1D119028","F1D119028",NULL,NULL,"0"
"192","F1D219034","F1D219034",NULL,NULL,"0"
"193","F1A218034","F1A218034",NULL,NULL,"0"
"194","F1I113011","F1I113011",NULL,NULL,"0"
"195","F1C118012","F1C118012",NULL,NULL,"0"
"196","F1A115063","F1A115063",NULL,NULL,"0"
"197","F1G119010","F1G119010",NULL,NULL,"0"
"198","F1A220105","F1A220105",NULL,NULL,"0"
"199","F1B214089","F1B214089",NULL,NULL,"0"
"200","F1D119029","F1D119029",NULL,NULL,"0"
"201","F1A218035","F1A218035",NULL,NULL,"0"
"202","F1D219035","F1D219035",NULL,NULL,"0"
"203","F1I113012","F1I113012",NULL,NULL,"0"
"204","F1C118013","F1C118013",NULL,NULL,"0"
"205","F1A115073","F1A115073",NULL,NULL,"0"
"206","F1G119012","F1G119012",NULL,NULL,"0"
"207","F1A220106","F1A220106",NULL,NULL,"0"
"208","F1B214091","F1B214091",NULL,NULL,"0"
"209","F1D119030","F1D119030",NULL,NULL,"0"
"210","F1A218036","F1A218036",NULL,NULL,"0"
"211","F1D219036","F1D219036",NULL,NULL,"0"
"212","F1I113014","F1I113014",NULL,NULL,"0"
"213","F1G119013","F1G119013",NULL,NULL,"0"
"214","F1B214093","F1B214093",NULL,NULL,"0"
"215","F1D119031","F1D119031",NULL,NULL,"0"
"216","F1A218037","F1A218037",NULL,NULL,"0"
"217","F1D219038","F1D219038",NULL,NULL,"0"
"218","F1I113023","F1I113023",NULL,NULL,"0"
"219","F1C118016","F1C118016",NULL,NULL,"0"
"220","F1A119030","F1A119030",NULL,NULL,"0"
"221","F1G119014","F1G119014",NULL,NULL,"0"
"222","F1B214097","F1B214097",NULL,NULL,"0"
"223","F1D119032","F1D119032",NULL,NULL,"0"
"224","F1A218038","F1A218038",NULL,NULL,"0"
"225","F1D219039","F1D219039",NULL,NULL,"0"
"226","F1I113025","F1I113025",NULL,NULL,"0"
"227","F1C118018","F1C118018",NULL,NULL,"0"
"228","F1G119015","F1G119015",NULL,NULL,"0"
"229","F1F117003","F1F117003",NULL,NULL,"0"
"230","F1B214099","F1B214099",NULL,NULL,"0"
"231","F1D119033","F1D119033",NULL,NULL,"0"
"232","F1A218039","F1A218039",NULL,NULL,"0"
"233","F1D219040","F1D219040",NULL,NULL,"0"
"234","F1A119032","F1A119032",NULL,NULL,"0"
"235","F1I113034","F1I113034",NULL,NULL,"0"
"236","F1C118019","F1C118019",NULL,NULL,"0"
"237","F1G119016","F1G119016",NULL,NULL,"0"
"238","F1B214100","F1B214100",NULL,NULL,"0"
"239","F1D119034","F1D119034",NULL,NULL,"0"
"240","F1A218040","F1A218040",NULL,NULL,"0"
"241","F1D219042","F1D219042",NULL,NULL,"0"
"242","F1I113035","F1I113035",NULL,NULL,"0"
"243","F1C118020","F1C118020",NULL,NULL,"0"
"244","F1B214102","F1B214102",NULL,NULL,"0"
"245","F1D119035","F1D119035",NULL,NULL,"0"
"246","F1A218041","F1A218041",NULL,NULL,"0"
"247","F1D219043","F1D219043",NULL,NULL,"0"
"248","F1A119036","F1A119036",NULL,NULL,"0"
"249","F1I113041","F1I113041",NULL,NULL,"0"
"250","F1C118021","F1C118021",NULL,NULL,"0"
"251","F1G119018","F1G119018",NULL,NULL,"0"
"252","F1B214103","F1B214103",NULL,NULL,"0"
"253","F1D119036","F1D119036",NULL,NULL,"0"
"254","F1A218042","F1A218042",NULL,NULL,"0"
"255","F1D219044","F1D219044",NULL,NULL,"0"
"256","F1I113056","F1I113056",NULL,NULL,"0"
"257","F1A116013","F1A116013",NULL,NULL,"0"
"258","F1B313002","F1B313002",NULL,NULL,"0"
"259","F1D119037","F1D119037",NULL,NULL,"0"
"260","F1A218043","F1A218043",NULL,NULL,"0"
"261","F1D219045","F1D219045",NULL,NULL,"0"
"262","F1B117044","F1B117044",NULL,NULL,"0"
"263","F1I114010","F1I114010",NULL,NULL,"0"
"264","F1C118023","F1C118023",NULL,NULL,"0"
"265","F1A116014","F1A116014",NULL,NULL,"0"
"266","F1B313004","F1B313004",NULL,NULL,"0"
"267","F1D119038","F1D119038",NULL,NULL,"0"
"268","F1A218044","F1A218044",NULL,NULL,"0"
"269","F1A119039","F1A119039",NULL,NULL,"0"
"270","F1D219046","F1D219046",NULL,NULL,"0"
"271","F1I114029","F1I114029",NULL,NULL,"0"
"272","F1C118025","F1C118025",NULL,NULL,"0"
"273","F1B313005","F1B313005",NULL,NULL,"0"
"274","F1D119039","F1D119039",NULL,NULL,"0"
"275","F1A218046","F1A218046",NULL,NULL,"0"
"276","F1D219047","F1D219047",NULL,NULL,"0"
"277","F1I114035","F1I114035",NULL,NULL,"0"
"278","F1B313007","F1B313007",NULL,NULL,"0"
"279","F1D119040","F1D119040",NULL,NULL,"0"
"280","F1A218047","F1A218047",NULL,NULL,"0"
"281","F1A119043","F1A119043",NULL,NULL,"0"
"282","F1D219048","F1D219048",NULL,NULL,"0"
"283","F1I114039","F1I114039",NULL,NULL,"0"
"284","F1C118027","F1C118027",NULL,NULL,"0"
"285","F1B313010","F1B313010",NULL,NULL,"0"
"286","F1D119041","F1D119041",NULL,NULL,"0"
"287","F1A218048","F1A218048",NULL,NULL,"0"
"288","F1A119045","F1A119045",NULL,NULL,"0"
"289","F1D219049","F1D219049",NULL,NULL,"0"
"290","F1I114040","F1I114040",NULL,NULL,"0"
"291","F1C118028","F1C118028",NULL,NULL,"0"
"292","F1B313011","F1B313011",NULL,NULL,"0"
"293","F1D119042","F1D119042",NULL,NULL,"0"
"294","F1B117050","F1B117050",NULL,NULL,"0"
"295","F1A218049","F1A218049",NULL,NULL,"0"
"296","F1D219050","F1D219050",NULL,NULL,"0"
"297","F1G119026","F1G119026",NULL,NULL,"0"
"298","F1C118029","F1C118029",NULL,NULL,"0"
"299","F1I114043","F1I114043",NULL,NULL,"0"
"300","F1B313018","F1B313018",NULL,NULL,"0"
"301","F1D119043","F1D119043",NULL,NULL,"0"
"302","F1B117052","F1B117052",NULL,NULL,"0"
"303","F1A119047","F1A119047",NULL,NULL,"0"
"304","F1A218050","F1A218050",NULL,NULL,"0"
"305","F1D219051","F1D219051",NULL,NULL,"0"
"306","F1G119027","F1G119027",NULL,NULL,"0"
"307","F1C118030","F1C118030",NULL,NULL,"0"
"308","F1I114046","F1I114046",NULL,NULL,"0"
"309","F1A116023","F1A116023",NULL,NULL,"0"
"310","F1B313027","F1B313027",NULL,NULL,"0"
"311","F1D119044","F1D119044",NULL,NULL,"0"
"312","F1B117053","F1B117053",NULL,NULL,"0"
"313","F1A218051","F1A218051",NULL,NULL,"0"
"314","F1D219053","F1D219053",NULL,NULL,"0"
"315","F1G119028","F1G119028",NULL,NULL,"0"
"316","F1I114062","F1I114062",NULL,NULL,"0"
"317","F1A116024","F1A116024",NULL,NULL,"0"
"318","F1C118031","F1C118031",NULL,NULL,"0"
"319","F1B313029","F1B313029",NULL,NULL,"0"
"320","F1D119045","F1D119045",NULL,NULL,"0"
"321","F1B117054","F1B117054",NULL,NULL,"0"
"322","F1A218053","F1A218053",NULL,NULL,"0"
"323","F1A119049","F1A119049",NULL,NULL,"0"
"324","F1D119046","F1D119046",NULL,NULL,"0"
"325","F1B313030","F1B313030",NULL,NULL,"0"
"326","F1I114075","F1I114075",NULL,NULL,"0"
"327","F1C118032","F1C118032",NULL,NULL,"0"
"328","F1D219054","F1D219054",NULL,NULL,"0"
"329","F1G119029","F1G119029",NULL,NULL,"0"
"330","F1B313038","F1B313038",NULL,NULL,"0"
"331","F1B117055","F1B117055",NULL,NULL,"0"
"332","F1A218054","F1A218054",NULL,NULL,"0"
"333","F1C118033","F1C118033",NULL,NULL,"0"
"334","F1A119051","F1A119051",NULL,NULL,"0"
"335","F1I114086","F1I114086",NULL,NULL,"0"
"336","F1G119031","F1G119031",NULL,NULL,"0"
"337","F1D119047","F1D119047",NULL,NULL,"0"
"338","F1B313039","F1B313039",NULL,NULL,"0"
"339","F1C118034","F1C118034",NULL,NULL,"0"
"340","F1I114093","F1I114093",NULL,NULL,"0"
"341","F1A218055","F1A218055",NULL,NULL,"0"
"342","F1D119048","F1D119048",NULL,NULL,"0"
"343","F1A119052","F1A119052",NULL,NULL,"0"
"344","F1D113080","F1D113080",NULL,NULL,"0"
"345","F1B313054","F1B313054",NULL,NULL,"0"
"346","F1B118001","F1B118001",NULL,NULL,"0"
"347","F1A218056","F1A218056",NULL,NULL,"0"
"348","F1C118036","F1C118036",NULL,NULL,"0"
"349","F1D119049","F1D119049",NULL,NULL,"0"
"350","F1D114006","F1D114006",NULL,NULL,"0"
"351","F1B313092","F1B313092",NULL,NULL,"0"
"352","F1A119054","F1A119054",NULL,NULL,"0"
"353","F1A218057","F1A218057",NULL,NULL,"0"
"354","F1C118037","F1C118037",NULL,NULL,"0"
"355","F1D119051","F1D119051",NULL,NULL,"0"
"356","F1D114026","F1D114026",NULL,NULL,"0"
"357","F1B118003","F1B118003",NULL,NULL,"0"
"358","F1B313099","F1B313099",NULL,NULL,"0"
"359","F1D119053","F1D119053",NULL,NULL,"0"
"360","F1C118038","F1C118038",NULL,NULL,"0"
"361","F1A218058","F1A218058",NULL,NULL,"0"
"362","F1D114036","F1D114036",NULL,NULL,"0"
"363","F1B118004","F1B118004",NULL,NULL,"0"
"364","F1B313104","F1B313104",NULL,NULL,"0"
"365","F1A119056","F1A119056",NULL,NULL,"0"
"366","F1D119054","F1D119054",NULL,NULL,"0"
"367","F1A218059","F1A218059",NULL,NULL,"0"
"368","F1C118039","F1C118039",NULL,NULL,"0"
"369","F1B118006","F1B118006",NULL,NULL,"0"
"370","F1D115008","F1D115008",NULL,NULL,"0"
"371","F1B313117","F1B313117",NULL,NULL,"0"
"372","F1D119055","F1D119055",NULL,NULL,"0"
"373","F1D115010","F1D115010",NULL,NULL,"0"
"374","F1B118007","F1B118007",NULL,NULL,"0"
"375","F1C118040","F1C118040",NULL,NULL,"0"
"376","F1A218060","F1A218060",NULL,NULL,"0"
"377","F1B313127","F1B313127",NULL,NULL,"0"
"378","F1A119058","F1A119058",NULL,NULL,"0"
"379","F1D119056","F1D119056",NULL,NULL,"0"
"380","F1D115023","F1D115023",NULL,NULL,"0"
"381","F1B118008","F1B118008",NULL,NULL,"0"
"382","F1C118042","F1C118042",NULL,NULL,"0"
"383","F1A218061","F1A218061",NULL,NULL,"0"
"384","F1B313129","F1B313129",NULL,NULL,"0"
"385","F1A119060","F1A119060",NULL,NULL,"0"
"386","F1D119057","F1D119057",NULL,NULL,"0"
"387","F1D115034","F1D115034",NULL,NULL,"0"
"388","F1B118009","F1B118009",NULL,NULL,"0"
"389","F1A218062","F1A218062",NULL,NULL,"0"
"390","F1C118043","F1C118043",NULL,NULL,"0"
"391","F1B313147","F1B313147",NULL,NULL,"0"
"392","F1G119042","F1G119042",NULL,NULL,"0"
"393","F1D119058","F1D119058",NULL,NULL,"0"
"394","F1D115036","F1D115036",NULL,NULL,"0"
"395","F1B118010","F1B118010",NULL,NULL,"0"
"396","F1A218063","F1A218063",NULL,NULL,"0"
"397","F1C118044","F1C118044",NULL,NULL,"0"
"398","F1B313154","F1B313154",NULL,NULL,"0"
"399","F1D119059","F1D119059",NULL,NULL,"0"
"400","F1D115038","F1D115038",NULL,NULL,"0"
"401","F1B118011","F1B118011",NULL,NULL,"0"
"402","F1A218064","F1A218064",NULL,NULL,"0"
"403","F1B313157","F1B313157",NULL,NULL,"0"
"404","F1C118046","F1C118046",NULL,NULL,"0"
"405","F1D119060","F1D119060",NULL,NULL,"0"
"406","F1D115040","F1D115040",NULL,NULL,"0"
"407","F1B118012","F1B118012",NULL,NULL,"0"
"408","F1A218065","F1A218065",NULL,NULL,"0"
"409","F1B313165","F1B313165",NULL,NULL,"0"
"410","F1C118047","F1C118047",NULL,NULL,"0"
"411","F1D119061","F1D119061",NULL,NULL,"0"
"412","F1D115056","F1D115056",NULL,NULL,"0"
"413","F1G119046","F1G119046",NULL,NULL,"0"
"414","F1B118013","F1B118013",NULL,NULL,"0"
"415","F1B314008","F1B314008",NULL,NULL,"0"
"416","F1A218066","F1A218066",NULL,NULL,"0"
"417","F1C118049","F1C118049",NULL,NULL,"0"
"418","F1D119062","F1D119062",NULL,NULL,"0"
"419","F1D115062","F1D115062",NULL,NULL,"0"
"420","F1G119047","F1G119047",NULL,NULL,"0"
"421","F1B118015","F1B118015",NULL,NULL,"0"
"422","F1B314009","F1B314009",NULL,NULL,"0"
"423","F1C118050","F1C118050",NULL,NULL,"0"
"424","F1A218068","F1A218068",NULL,NULL,"0"
"425","F1D119063","F1D119063",NULL,NULL,"0"
"426","F1D115074","F1D115074",NULL,NULL,"0"
"427","F1G119049","F1G119049",NULL,NULL,"0"
"428","F1C118051","F1C118051",NULL,NULL,"0"
"429","F1B314010","F1B314010",NULL,NULL,"0"
"430","F1A218069","F1A218069",NULL,NULL,"0"
"431","F1B118016","F1B118016",NULL,NULL,"0"
"432","F1D115079","F1D115079",NULL,NULL,"0"
"433","F1F117041","F1F117041",NULL,NULL,"0"
"434","F1A116058","F1A116058",NULL,NULL,"0"
"435","F1G119050","F1G119050",NULL,NULL,"0"
"436","F1B314015","F1B314015",NULL,NULL,"0"
"437","F1D119066","F1D119066",NULL,NULL,"0"
"438","F1C118052","F1C118052",NULL,NULL,"0"
"439","F1B118020","F1B118020",NULL,NULL,"0"
"440","F1A218071","F1A218071",NULL,NULL,"0"
"441","F1G119051","F1G119051",NULL,NULL,"0"
"442","F1B314018","F1B314018",NULL,NULL,"0"
"443","F1D119067","F1D119067",NULL,NULL,"0"
"444","F1A218072","F1A218072",NULL,NULL,"0"
"445","F1C118053","F1C118053",NULL,NULL,"0"
"446","F1B118021","F1B118021",NULL,NULL,"0"
"447","F1G119052","F1G119052",NULL,NULL,"0"
"448","F1D119068","F1D119068",NULL,NULL,"0"
"449","F1B314022","F1B314022",NULL,NULL,"0"
"450","F1D116006","F1D116006",NULL,NULL,"0"
"451","F1A218073","F1A218073",NULL,NULL,"0"
"452","F1C118054","F1C118054",NULL,NULL,"0"
"453","F1B118023","F1B118023",NULL,NULL,"0"
"454","F1G119054","F1G119054",NULL,NULL,"0"
"455","F1D119069","F1D119069",NULL,NULL,"0"
"456","F1B314025","F1B314025",NULL,NULL,"0"
"457","F1D116008","F1D116008",NULL,NULL,"0"
"458","F1A218074","F1A218074",NULL,NULL,"0"
"459","F1C118055","F1C118055",NULL,NULL,"0"
"460","F1G119055","F1G119055",NULL,NULL,"0"
"461","F1D119070","F1D119070",NULL,NULL,"0"
"462","F1B314031","F1B314031",NULL,NULL,"0"
"463","F1D116009","F1D116009",NULL,NULL,"0"
"464","F1B118025","F1B118025",NULL,NULL,"0"
"465","F1A218075","F1A218075",NULL,NULL,"0"
"466","F1G119056","F1G119056",NULL,NULL,"0"
"467","F1D120002","F1D120002",NULL,NULL,"0"
"468","F1B314038","F1B314038",NULL,NULL,"0"
"469","F1D116013","F1D116013",NULL,NULL,"0"
"470","F1A218076","F1A218076",NULL,NULL,"0"
"471","F1B118026","F1B118026",NULL,NULL,"0"
"472","F1G119057","F1G119057",NULL,NULL,"0"
"473","F1D120003","F1D120003",NULL,NULL,"0"
"474","F1C113023","F1C113023",NULL,NULL,"0"
"475","F1C118058","F1C118058",NULL,NULL,"0"
"476","F1D116017","F1D116017",NULL,NULL,"0"
"477","F1G119058","F1G119058",NULL,NULL,"0"
"478","F1B118028","F1B118028",NULL,NULL,"0"
"479","F1A218077","F1A218077",NULL,NULL,"0"
"480","F1D120004","F1D120004",NULL,NULL,"0"
"481","F1C118059","F1C118059",NULL,NULL,"0"
"482","F1D116020","F1D116020",NULL,NULL,"0"
"483","F1G119060","F1G119060",NULL,NULL,"0"
"484","F1A218078","F1A218078",NULL,NULL,"0"
"485","F1D120005","F1D120005",NULL,NULL,"0"
"486","F1C118060","F1C118060",NULL,NULL,"0"
"487","F1D116024","F1D116024",NULL,NULL,"0"
"488","F1B118030","F1B118030",NULL,NULL,"0"
"489","F1G119061","F1G119061",NULL,NULL,"0"
"490","F1A218079","F1A218079",NULL,NULL,"0"
"491","F1D120006","F1D120006",NULL,NULL,"0"
"492","F1C114003","F1C114003",NULL,NULL,"0"
"493","F1C118061","F1C118061",NULL,NULL,"0"
"494","F1D116025","F1D116025",NULL,NULL,"0"
"495","F1B118031","F1B118031",NULL,NULL,"0"
"496","F1D120007","F1D120007",NULL,NULL,"0"
"497","F1G119062","F1G119062",NULL,NULL,"0"
"498","F1A218081","F1A218081",NULL,NULL,"0"
"499","F1C114006","F1C114006",NULL,NULL,"0"
"500","F1D116026","F1D116026",NULL,NULL,"0"
"501","F1B118032","F1B118032",NULL,NULL,"0"
"502","F1D120008","F1D120008",NULL,NULL,"0"
"503","F1G119063","F1G119063",NULL,NULL,"0"
"504","F1A218082","F1A218082",NULL,NULL,"0"
"505","F1C118063","F1C118063",NULL,NULL,"0"
"506","F1C114011","F1C114011",NULL,NULL,"0"
"507","F1D116028","F1D116028",NULL,NULL,"0"
"508","F1B118033","F1B118033",NULL,NULL,"0"
"509","F1D120010","F1D120010",NULL,NULL,"0"
"510","F1A218084","F1A218084",NULL,NULL,"0"
"511","F1G119064","F1G119064",NULL,NULL,"0"
"512","F1C114030","F1C114030",NULL,NULL,"0"
"513","F1C118064","F1C118064",NULL,NULL,"0"
"514","F1D116031","F1D116031",NULL,NULL,"0"
"515","F1D120012","F1D120012",NULL,NULL,"0"
"516","F1B118036","F1B118036",NULL,NULL,"0"
"517","F1G119065","F1G119065",NULL,NULL,"0"
"518","F1A218085","F1A218085",NULL,NULL,"0"
"519","F1C118065","F1C118065",NULL,NULL,"0"
"520","F1C114054","F1C114054",NULL,NULL,"0"
"521","F1D116034","F1D116034",NULL,NULL,"0"
"522","F1D120014","F1D120014",NULL,NULL,"0"
"523","F1A219001","F1A219001",NULL,NULL,"0"
"524","F1G119066","F1G119066",NULL,NULL,"0"
"525","F1B118037","F1B118037",NULL,NULL,"0"
"526","F1C118066","F1C118066",NULL,NULL,"0"
"527","F1D120015","F1D120015",NULL,NULL,"0"
"528","F1B118038","F1B118038",NULL,NULL,"0"
"529","F1G119067","F1G119067",NULL,NULL,"0"
"530","F1A219002","F1A219002",NULL,NULL,"0"
"531","F1C114077","F1C114077",NULL,NULL,"0"
"532","F1C118067","F1C118067",NULL,NULL,"0"
"533","F1D120017","F1D120017",NULL,NULL,"0"
"534","F1B118039","F1B118039",NULL,NULL,"0"
"535","F1G119068","F1G119068",NULL,NULL,"0"
"536","F1A219003","F1A219003",NULL,NULL,"0"
"537","F1C118068","F1C118068",NULL,NULL,"0"
"538","F1C114079","F1C114079",NULL,NULL,"0"
"539","F1D120019","F1D120019",NULL,NULL,"0"
"540","F1B118040","F1B118040",NULL,NULL,"0"
"541","F1G120001","F1G120001",NULL,NULL,"0"
"542","F1A219004","F1A219004",NULL,NULL,"0"
"543","F1C118069","F1C118069",NULL,NULL,"0"
"544","F1C115006","F1C115006",NULL,NULL,"0"
"545","F1D120020","F1D120020",NULL,NULL,"0"
"546","F1G120002","F1G120002",NULL,NULL,"0"
"547","F1B118041","F1B118041",NULL,NULL,"0"
"548","F1C118070","F1C118070",NULL,NULL,"0"
"549","F1A219005","F1A219005",NULL,NULL,"0"
"550","F1C115015","F1C115015",NULL,NULL,"0"
"551","F1D120021","F1D120021",NULL,NULL,"0"
"552","F1G120003","F1G120003",NULL,NULL,"0"
"553","F1A116101","F1A116101",NULL,NULL,"0"
"554","F1B118042","F1B118042",NULL,NULL,"0"
"555","F1C118071","F1C118071",NULL,NULL,"0"
"556","F1C115031","F1C115031",NULL,NULL,"0"
"557","F1D120022","F1D120022",NULL,NULL,"0"
"558","F1G120004","F1G120004",NULL,NULL,"0"
"559","F1A219007","F1A219007",NULL,NULL,"0"
"560","F1C115033","F1C115033",NULL,NULL,"0"
"561","F1C118072","F1C118072",NULL,NULL,"0"
"562","F1B118043","F1B118043",NULL,NULL,"0"
"563","F1D120024","F1D120024",NULL,NULL,"0"
"564","F1D116046","F1D116046",NULL,NULL,"0"
"565","F1A120033","F1A120033",NULL,NULL,"0"
"566","F1G120005","F1G120005",NULL,NULL,"0"
"567","F1C115037","F1C115037",NULL,NULL,"0"
"568","F1A219008","F1A219008",NULL,NULL,"0"
"569","F1C118075","F1C118075",NULL,NULL,"0"
"570","F1B118044","F1B118044",NULL,NULL,"0"
"571","F1D116058","F1D116058",NULL,NULL,"0"
"572","F1G120006","F1G120006",NULL,NULL,"0"
"573","F1C115061","F1C115061",NULL,NULL,"0"
"574","F1A219009","F1A219009",NULL,NULL,"0"
"575","F1C118076","F1C118076",NULL,NULL,"0"
"576","F1B118045","F1B118045",NULL,NULL,"0"
"577","F1G120007","F1G120007",NULL,NULL,"0"
"578","F1C115063","F1C115063",NULL,NULL,"0"
"579","F1A219010","F1A219010",NULL,NULL,"0"
"580","F1A116112","F1A116112",NULL,NULL,"0"
"581","F1G120008","F1G120008",NULL,NULL,"0"
"582","F1C118078","F1C118078",NULL,NULL,"0"
"583","F1C115069","F1C115069",NULL,NULL,"0"
"584","F1B118047","F1B118047",NULL,NULL,"0"
"585","F1A219011","F1A219011",NULL,NULL,"0"
"586","F1A316024","F1A316024",NULL,NULL,"0"
"587","F1A116116","F1A116116",NULL,NULL,"0"
"588","F1G120009","F1G120009",NULL,NULL,"0"
"589","F1C115070","F1C115070",NULL,NULL,"0"
"590","F1A219013","F1A219013",NULL,NULL,"0"
"591","F1A316025","F1A316025",NULL,NULL,"0"
"592","F1A116117","F1A116117",NULL,NULL,"0"
"593","F1G120010","F1G120010",NULL,NULL,"0"
"594","F1B118049","F1B118049",NULL,NULL,"0"
"595","F1A219014","F1A219014",NULL,NULL,"0"
"596","F1C115071","F1C115071",NULL,NULL,"0"
"597","F1A316026","F1A316026",NULL,NULL,"0"
"598","F1A116120","F1A116120",NULL,NULL,"0"
"599","F1C118082","F1C118082",NULL,NULL,"0"
"600","F1G120011","F1G120011",NULL,NULL,"0"
"601","F1B118050","F1B118050",NULL,NULL,"0"
"602","F1A219015","F1A219015",NULL,NULL,"0"
"603","F1A316027","F1A316027",NULL,NULL,"0"
"604","F1C115077","F1C115077",NULL,NULL,"0"
"605","F1A116121","F1A116121",NULL,NULL,"0"
"606","F1G120012","F1G120012",NULL,NULL,"0"
"607","F1C118083","F1C118083",NULL,NULL,"0"
"608","F1B118052","F1B118052",NULL,NULL,"0"
"609","F1A219016","F1A219016",NULL,NULL,"0"
"610","F1A316028","F1A316028",NULL,NULL,"0"
"611","F1C115095","F1C115095",NULL,NULL,"0"
"612","F1A116123","F1A116123",NULL,NULL,"0"
"613","F1C118085","F1C118085",NULL,NULL,"0"
"614","F1B118053","F1B118053",NULL,NULL,"0"
"615","F1A316030","F1A316030",NULL,NULL,"0"
"616","F1A219017","F1A219017",NULL,NULL,"0"
"617","F1C116002","F1C116002",NULL,NULL,"0"
"618","F1C118086","F1C118086",NULL,NULL,"0"
"619","F1B118055","F1B118055",NULL,NULL,"0"
"620","F1A316031","F1A316031",NULL,NULL,"0"
"621","F1A219018","F1A219018",NULL,NULL,"0"
"622","F1C116008","F1C116008",NULL,NULL,"0"
"623","F1D116084","F1D116084",NULL,NULL,"0"
"624","F1C118087","F1C118087",NULL,NULL,"0"
"625","F1B119001","F1B119001",NULL,NULL,"0"
"626","F1A219020","F1A219020",NULL,NULL,"0"
"627","F1C116013","F1C116013",NULL,NULL,"0"
"628","F1E117011","F1E117011",NULL,NULL,"0"
"629","F1A316032","F1A316032",NULL,NULL,"0"
"630","F1D116085","F1D116085",NULL,NULL,"0"
"631","F1C118089","F1C118089",NULL,NULL,"0"
"632","F1B119002","F1B119002",NULL,NULL,"0"
"633","F1A219021","F1A219021",NULL,NULL,"0"
"634","F1A316033","F1A316033",NULL,NULL,"0"
"635","F1E117013","F1E117013",NULL,NULL,"0"
"636","F1D116086","F1D116086",NULL,NULL,"0"
"637","F1C118090","F1C118090",NULL,NULL,"0"
"638","F1B119003","F1B119003",NULL,NULL,"0"
"639","F1A219023","F1A219023",NULL,NULL,"0"
"640","F1E117016","F1E117016",NULL,NULL,"0"
"641","F1A316034","F1A316034",NULL,NULL,"0"
"642","F1D116090","F1D116090",NULL,NULL,"0"
"643","F1C118091","F1C118091",NULL,NULL,"0"
"644","F1B119004","F1B119004",NULL,NULL,"0"
"645","F1A219024","F1A219024",NULL,NULL,"0"
"646","F1D116091","F1D116091",NULL,NULL,"0"
"647","F1D120042","F1D120042",NULL,NULL,"0"
"648","F1B119005","F1B119005",NULL,NULL,"0"
"649","F1A219025","F1A219025",NULL,NULL,"0"
"650","F1D116092","F1D116092",NULL,NULL,"0"
"651","F1C118094","F1C118094",NULL,NULL,"0"
"652","F1B119006","F1B119006",NULL,NULL,"0"
"653","F1A219026","F1A219026",NULL,NULL,"0"
"654","F1D116094","F1D116094",NULL,NULL,"0"
"655","F1C118097","F1C118097",NULL,NULL,"0"
"656","F1B119007","F1B119007",NULL,NULL,"0"
"657","F1A219027","F1A219027",NULL,NULL,"0"
"658","F1C118098","F1C118098",NULL,NULL,"0"
"659","F1D116097","F1D116097",NULL,NULL,"0"
"660","F1A117011","F1A117011",NULL,NULL,"0"
"661","F1A120052","F1A120052",NULL,NULL,"0"
"662","F1C116041","F1C116041",NULL,NULL,"0"
"663","F1B119009","F1B119009",NULL,NULL,"0"
"664","F1A219028","F1A219028",NULL,NULL,"0"
"665","F1C118100","F1C118100",NULL,NULL,"0"
"666","F1D116099","F1D116099",NULL,NULL,"0"
"667","F1A117012","F1A117012",NULL,NULL,"0"
"668","F1B119010","F1B119010",NULL,NULL,"0"
"669","F1A219029","F1A219029",NULL,NULL,"0"
"670","F1D116100","F1D116100",NULL,NULL,"0"
"671","F1C118101","F1C118101",NULL,NULL,"0"
"672","F1A117013","F1A117013",NULL,NULL,"0"
"673","F1B119011","F1B119011",NULL,NULL,"0"
"674","F1A219031","F1A219031",NULL,NULL,"0"
"675","F1C118104","F1C118104",NULL,NULL,"0"
"676","F1D116101","F1D116101",NULL,NULL,"0"
"677","F1A117014","F1A117014",NULL,NULL,"0"
"678","F1B119012","F1B119012",NULL,NULL,"0"
"679","F1A219032","F1A219032",NULL,NULL,"0"
"680","F1A120058","F1A120058",NULL,NULL,"0"
"681","F1D116102","F1D116102",NULL,NULL,"0"
"682","F1C119001","F1C119001",NULL,NULL,"0"
"683","F1B119013","F1B119013",NULL,NULL,"0"
"684","F1A219033","F1A219033",NULL,NULL,"0"
"685","F1E117029","F1E117029",NULL,NULL,"0"
"686","F1D116103","F1D116103",NULL,NULL,"0"
"687","F1C119002","F1C119002",NULL,NULL,"0"
"688","F1C119003","F1C119003",NULL,NULL,"0"
"689","F1D120054","F1D120054",NULL,NULL,"0"
"690","F1C119004","F1C119004",NULL,NULL,"0"
"691","F1D120055","F1D120055",NULL,NULL,"0"
"692","F1C119005","F1C119005",NULL,NULL,"0"
"693","F1D120056","F1D120056",NULL,NULL,"0"
"694","F1A219037","F1A219037",NULL,NULL,"0"
"695","F1D116115","F1D116115",NULL,NULL,"0"
"696","F1D120057","F1D120057",NULL,NULL,"0"
"697","F1C119006","F1C119006",NULL,NULL,"0"
"698","F1B119019","F1B119019",NULL,NULL,"0"
"699","F1A219040","F1A219040",NULL,NULL,"0"
"700","F1C119007","F1C119007",NULL,NULL,"0"
"701","F1B119020","F1B119020",NULL,NULL,"0"
"702","F1D116124","F1D116124",NULL,NULL,"0"
"703","F1A219042","F1A219042",NULL,NULL,"0"
"704","F1C119008","F1C119008",NULL,NULL,"0"
"705","F1B119021","F1B119021",NULL,NULL,"0"
"706","F1D116125","F1D116125",NULL,NULL,"0"
"707","F1A219043","F1A219043",NULL,NULL,"0"
"708","F1B119022","F1B119022",NULL,NULL,"0"
"709","F1C119009","F1C119009",NULL,NULL,"0"
"710","F1D116127","F1D116127",NULL,NULL,"0"
"711","F1A219044","F1A219044",NULL,NULL,"0"
"712","F1B119023","F1B119023",NULL,NULL,"0"
"713","F1C119010","F1C119010",NULL,NULL,"0"
"714","F1D116128","F1D116128",NULL,NULL,"0"
"715","F1A219045","F1A219045",NULL,NULL,"0"
"716","F1B119024","F1B119024",NULL,NULL,"0"
"717","F1C119011","F1C119011",NULL,NULL,"0"
"718","F1D116130","F1D116130",NULL,NULL,"0"
"719","F1A219046","F1A219046",NULL,NULL,"0"
"720","F1B119025","F1B119025",NULL,NULL,"0"
"721","F1C119012","F1C119012",NULL,NULL,"0"
"722","F1C116083","F1C116083",NULL,NULL,"0"
"723","F1A219047","F1A219047",NULL,NULL,"0"
"724","F1B119026","F1B119026",NULL,NULL,"0"
"725","F1E117048","F1E117048",NULL,NULL,"0"
"726","F1D117002","F1D117002",NULL,NULL,"0"
"727","F1C116084","F1C116084",NULL,NULL,"0"
"728","F1A219048","F1A219048",NULL,NULL,"0"
"729","F1B119029","F1B119029",NULL,NULL,"0"
"730","F1E117049","F1E117049",NULL,NULL,"0"
"731","F1D117003","F1D117003",NULL,NULL,"0"
"732","F1C116086","F1C116086",NULL,NULL,"0"
"733","F1A219049","F1A219049",NULL,NULL,"0"
"734","F1C119016","F1C119016",NULL,NULL,"0"
"735","F1B119030","F1B119030",NULL,NULL,"0"
"736","F1E117050","F1E117050",NULL,NULL,"0"
"737","F1C116088","F1C116088",NULL,NULL,"0"
"738","F1A219050","F1A219050",NULL,NULL,"0"
"739","F1D117005","F1D117005",NULL,NULL,"0"
"740","F1C119018","F1C119018",NULL,NULL,"0"
"741","F1B119031","F1B119031",NULL,NULL,"0"
"742","F1E117051","F1E117051",NULL,NULL,"0"
"743","F1C116090","F1C116090",NULL,NULL,"0"
"744","F1B119033","F1B119033",NULL,NULL,"0"
"745","F1A117033","F1A117033",NULL,NULL,"0"
"746","F1E117052","F1E117052",NULL,NULL,"0"
"747","F1A219052","F1A219052",NULL,NULL,"0"
"748","F1D117007","F1D117007",NULL,NULL,"0"
"749","F1C119020","F1C119020",NULL,NULL,"0"
"750","F1B119034","F1B119034",NULL,NULL,"0"
"751","F1A117035","F1A117035",NULL,NULL,"0"
"752","F1E117053","F1E117053",NULL,NULL,"0"
"753","F1A219053","F1A219053",NULL,NULL,"0"
"754","F1C119021","F1C119021",NULL,NULL,"0"
"755","F1B119035","F1B119035",NULL,NULL,"0"
"756","F1A117038","F1A117038",NULL,NULL,"0"
"757","F1C116096","F1C116096",NULL,NULL,"0"
"758","F1D117009","F1D117009",NULL,NULL,"0"
"759","F1E117054","F1E117054",NULL,NULL,"0"
"760","F1A219054","F1A219054",NULL,NULL,"0"
"761","F1C119022","F1C119022",NULL,NULL,"0"
"762","F1B119036","F1B119036",NULL,NULL,"0"
"763","F1C116097","F1C116097",NULL,NULL,"0"
"764","F1A117039","F1A117039",NULL,NULL,"0"
"765","F1D117010","F1D117010",NULL,NULL,"0"
"766","F1D415006","F1D415006",NULL,NULL,"0"
"767","F1C119023","F1C119023",NULL,NULL,"0"
"768","F1B119037","F1B119037",NULL,NULL,"0"
"769","F1C116098","F1C116098",NULL,NULL,"0"
"770","F1D117011","F1D117011",NULL,NULL,"0"
"771","F1D415008","F1D415008",NULL,NULL,"0"
"772","F1C119025","F1C119025",NULL,NULL,"0"
"773","F1B119038","F1B119038",NULL,NULL,"0"
"774","F1C116101","F1C116101",NULL,NULL,"0"
"775","F1A117041","F1A117041",NULL,NULL,"0"
"776","F1D117013","F1D117013",NULL,NULL,"0"
"777","F1D415010","F1D415010",NULL,NULL,"0"
"778","F1C119026","F1C119026",NULL,NULL,"0"
"779","F1B119039","F1B119039",NULL,NULL,"0"
"780","F1C116103","F1C116103",NULL,NULL,"0"
"781","F1A215001","F1A215001",NULL,NULL,"0"
"782","F1A117042","F1A117042",NULL,NULL,"0"
"783","F1D117014","F1D117014",NULL,NULL,"0"
"784","F1A219058","F1A219058",NULL,NULL,"0"
"785","F1D415016","F1D415016",NULL,NULL,"0"
"786","F1C119027","F1C119027",NULL,NULL,"0"
"787","F1B119040","F1B119040",NULL,NULL,"0"
"788","F1C116106","F1C116106",NULL,NULL,"0"
"789","F1A215002","F1A215002",NULL,NULL,"0"
"790","F1A117043","F1A117043",NULL,NULL,"0"
"791","F1D117015","F1D117015",NULL,NULL,"0"
"792","F1A219059","F1A219059",NULL,NULL,"0"
"793","F1D415017","F1D415017",NULL,NULL,"0"
"794","F1B119041","F1B119041",NULL,NULL,"0"
"795","F1C119028","F1C119028",NULL,NULL,"0"
"796","F1C116107","F1C116107",NULL,NULL,"0"
"797","F1A117045","F1A117045",NULL,NULL,"0"
"798","F1D117017","F1D117017",NULL,NULL,"0"
"799","F1A219060","F1A219060",NULL,NULL,"0"
"800","F1D415026","F1D415026",NULL,NULL,"0"
"801","F1B119042","F1B119042",NULL,NULL,"0"
"802","F1C119029","F1C119029",NULL,NULL,"0"
"803","F1A117046","F1A117046",NULL,NULL,"0"
"804","F1D117018","F1D117018",NULL,NULL,"0"
"805","F1A219061","F1A219061",NULL,NULL,"0"
"806","F1D415031","F1D415031",NULL,NULL,"0"
"807","F1B119043","F1B119043",NULL,NULL,"0"
"808","F1C119030","F1C119030",NULL,NULL,"0"
"809","F1A215010","F1A215010",NULL,NULL,"0"
"810","F1A117047","F1A117047",NULL,NULL,"0"
"811","F1D117019","F1D117019",NULL,NULL,"0"
"812","F1A220001","F1A220001",NULL,NULL,"0"
"813","F1D415035","F1D415035",NULL,NULL,"0"
"814","F1B119044","F1B119044",NULL,NULL,"0"
"815","F1C119031","F1C119031",NULL,NULL,"0"
"816","F1A215014","F1A215014",NULL,NULL,"0"
"817","F1D117020","F1D117020",NULL,NULL,"0"
"818","F1A117048","F1A117048",NULL,NULL,"0"
"819","F1B113006","F1B113006",NULL,NULL,"0"
"820","F1D415036","F1D415036",NULL,NULL,"0"
"821","F1B119045","F1B119045",NULL,NULL,"0"
"822","F1C119032","F1C119032",NULL,NULL,"0"
"823","F1A117049","F1A117049",NULL,NULL,"0"
"824","F1D117021","F1D117021",NULL,NULL,"0"
"825","F1B113016","F1B113016",NULL,NULL,"0"
"826","F1D415037","F1D415037",NULL,NULL,"0"
"827","F1B119046","F1B119046",NULL,NULL,"0"
"828","F1C119033","F1C119033",NULL,NULL,"0"
"829","F1A117053","F1A117053",NULL,NULL,"0"
"830","F1D117022","F1D117022",NULL,NULL,"0"
"831","F1D415040","F1D415040",NULL,NULL,"0"
"832","F1C119035","F1C119035",NULL,NULL,"0"
"833","F1A117055","F1A117055",NULL,NULL,"0"
"834","F1D117023","F1D117023",NULL,NULL,"0"
"835","F1B114006","F1B114006",NULL,NULL,"0"
"836","F1C116117","F1C116117",NULL,NULL,"0"
"837","F1D415042","F1D415042",NULL,NULL,"0"
"838","F1A215032","F1A215032",NULL,NULL,"0"
"839","F1C119036","F1C119036",NULL,NULL,"0"
"840","F1A117056","F1A117056",NULL,NULL,"0"
"841","F1B114025","F1B114025",NULL,NULL,"0"
"842","F1D415045","F1D415045",NULL,NULL,"0"
"843","F1A215038","F1A215038",NULL,NULL,"0"
"844","F1C119037","F1C119037",NULL,NULL,"0"
"845","F1A117057","F1A117057",NULL,NULL,"0"
"846","F1D117029","F1D117029",NULL,NULL,"0"
"847","F1B114031","F1B114031",NULL,NULL,"0"
"848","F1D415048","F1D415048",NULL,NULL,"0"
"849","F1B119052","F1B119052",NULL,NULL,"0"
"850","F1C119038","F1C119038",NULL,NULL,"0"
"851","F1A215040","F1A215040",NULL,NULL,"0"
"852","F1A117058","F1A117058",NULL,NULL,"0"
"853","F1B114040","F1B114040",NULL,NULL,"0"
"854","F1D415050","F1D415050",NULL,NULL,"0"
"855","F1B119054","F1B119054",NULL,NULL,"0"
"856","F1C119039","F1C119039",NULL,NULL,"0"
"857","F1A117059","F1A117059",NULL,NULL,"0"
"858","F1D415052","F1D415052",NULL,NULL,"0"
"859","F1B119055","F1B119055",NULL,NULL,"0"
"860","F1C119040","F1C119040",NULL,NULL,"0"
"861","F1B114046","F1B114046",NULL,NULL,"0"
"862","F1C119041","F1C119041",NULL,NULL,"0"
"863","F1A215053","F1A215053",NULL,NULL,"0"
"864","F1D415055","F1D415055",NULL,NULL,"0"
"865","F1B119056","F1B119056",NULL,NULL,"0"
"866","F1B114049","F1B114049",NULL,NULL,"0"
"867","F1D415057","F1D415057",NULL,NULL,"0"
"868","F1C119042","F1C119042",NULL,NULL,"0"
"869","F1A215054","F1A215054",NULL,NULL,"0"
"870","F1B115001","F1B115001",NULL,NULL,"0"
"871","F1B119058","F1B119058",NULL,NULL,"0"
"872","F1C117008","F1C117008",NULL,NULL,"0"
"873","F1A118001","F1A118001",NULL,NULL,"0"
"874","F1D415058","F1D415058",NULL,NULL,"0"
"875","F1C119045","F1C119045",NULL,NULL,"0"
"876","F1A215059","F1A215059",NULL,NULL,"0"
"877","F1B115008","F1B115008",NULL,NULL,"0"
"878","F1B119059","F1B119059",NULL,NULL,"0"
"879","F1D415063","F1D415063",NULL,NULL,"0"
"880","F1C119047","F1C119047",NULL,NULL,"0"
"881","F1A118004","F1A118004",NULL,NULL,"0"
"882","F1B115013","F1B115013",NULL,NULL,"0"
"883","F1B119061","F1B119061",NULL,NULL,"0"
"884","F1D218002","F1D218002",NULL,NULL,"0"
"885","F1D415070","F1D415070",NULL,NULL,"0"
"886","F1A215065","F1A215065",NULL,NULL,"0"
"887","F1C119048","F1C119048",NULL,NULL,"0"
"888","F1B119062","F1B119062",NULL,NULL,"0"
"889","F1A118005","F1A118005",NULL,NULL,"0"
"890","F1B115021","F1B115021",NULL,NULL,"0"
"891","F1D218003","F1D218003",NULL,NULL,"0"
"892","F1D415071","F1D415071",NULL,NULL,"0"
"893","F1B115028","F1B115028",NULL,NULL,"0"
"894","F1C119049","F1C119049",NULL,NULL,"0"
"895","F1A118007","F1A118007",NULL,NULL,"0"
"896","F1D218005","F1D218005",NULL,NULL,"0"
"897","F1D415074","F1D415074",NULL,NULL,"0"
"898","F1B119064","F1B119064",NULL,NULL,"0"
"899","F1C119050","F1C119050",NULL,NULL,"0"
"900","F1D218007","F1D218007",NULL,NULL,"0"
"901","F1B115046","F1B115046",NULL,NULL,"0"
"902","F1B119065","F1B119065",NULL,NULL,"0"
"903","F1D415075","F1D415075",NULL,NULL,"0"
"904","F1C119051","F1C119051",NULL,NULL,"0"
"905","F1D218008","F1D218008",NULL,NULL,"0"
"906","F1A215080","F1A215080",NULL,NULL,"0"
"907","F1B115051","F1B115051",NULL,NULL,"0"
"908","F1B119066","F1B119066",NULL,NULL,"0"
"909","F1C119052","F1C119052",NULL,NULL,"0"
"910","F1D415082","F1D415082",NULL,NULL,"0"
"911","F1D218009","F1D218009",NULL,NULL,"0"
"912","F1D415084","F1D415084",NULL,NULL,"0"
"913","F1C119053","F1C119053",NULL,NULL,"0"
"914","F1D218010","F1D218010",NULL,NULL,"0"
"915","F1A215089","F1A215089",NULL,NULL,"0"
"916","F1D415091","F1D415091",NULL,NULL,"0"
"917","F1C117023","F1C117023",NULL,NULL,"0"
"918","F1C119055","F1C119055",NULL,NULL,"0"
"919","F1D218011","F1D218011",NULL,NULL,"0"
"920","F1A118013","F1A118013",NULL,NULL,"0"
"921","F1A215093","F1A215093",NULL,NULL,"0"
"922","F1C117024","F1C117024",NULL,NULL,"0"
"923","F1D516005","F1D516005",NULL,NULL,"0"
"924","F1C119056","F1C119056",NULL,NULL,"0"
"925","F1D218012","F1D218012",NULL,NULL,"0"
"926","F1A118014","F1A118014",NULL,NULL,"0"
"927","F1C119057","F1C119057",NULL,NULL,"0"
"928","F1D218013","F1D218013",NULL,NULL,"0"
"929","F1A118015","F1A118015",NULL,NULL,"0"
"930","F1C119059","F1C119059",NULL,NULL,"0"
"931","F1D218014","F1D218014",NULL,NULL,"0"
"932","F1C117027","F1C117027",NULL,NULL,"0"
"933","F1C119060","F1C119060",NULL,NULL,"0"
"934","F1D218015","F1D218015",NULL,NULL,"0"
"935","F1C119061","F1C119061",NULL,NULL,"0"
"936","F1D218016","F1D218016",NULL,NULL,"0"
"937","F1A216008","F1A216008",NULL,NULL,"0"
"938","F1D516014","F1D516014",NULL,NULL,"0"
"939","F1D117058","F1D117058",NULL,NULL,"0"
"940","F1C119062","F1C119062",NULL,NULL,"0"
"941","F1D218017","F1D218017",NULL,NULL,"0"
"942","F1D118002","F1D118002",NULL,NULL,"0"
"943","F1A220032","F1A220032",NULL,NULL,"0"
"944","F1D218018","F1D218018",NULL,NULL,"0"
"945","F1D118003","F1D118003",NULL,NULL,"0"
"946","F1A220033","F1A220033",NULL,NULL,"0"
"947","F1C119065","F1C119065",NULL,NULL,"0"
"948","F1A118022","F1A118022",NULL,NULL,"0"
"949","F1D218020","F1D218020",NULL,NULL,"0"
"950","F1D118004","F1D118004",NULL,NULL,"0"
"951","F1A220034","F1A220034",NULL,NULL,"0"
"952","F1C119067","F1C119067",NULL,NULL,"0"
"953","F1D218021","F1D218021",NULL,NULL,"0"
"954","F1D516019","F1D516019",NULL,NULL,"0"
"955","F1D118006","F1D118006",NULL,NULL,"0"
"956","F1A220035","F1A220035",NULL,NULL,"0"
"957","F1C119068","F1C119068",NULL,NULL,"0"
"958","F1D218022","F1D218022",NULL,NULL,"0"
"959","F1D516020","F1D516020",NULL,NULL,"0"
"960","F1D118007","F1D118007",NULL,NULL,"0"
"961","F1A220036","F1A220036",NULL,NULL,"0"
"962","F1A118025","F1A118025",NULL,NULL,"0"
"963","F1C119070","F1C119070",NULL,NULL,"0"
"964","F1D516021","F1D516021",NULL,NULL,"0"
"965","F1D218023","F1D218023",NULL,NULL,"0"
"966","F1D118008","F1D118008",NULL,NULL,"0"
"967","F1A220037","F1A220037",NULL,NULL,"0"
"968","F1C117040","F1C117040",NULL,NULL,"0"
"969","F1B116025","F1B116025",NULL,NULL,"0"
"970","F1A118026","F1A118026",NULL,NULL,"0"
"971","F1C119072","F1C119072",NULL,NULL,"0"
"972","F1D218025","F1D218025",NULL,NULL,"0"
"973","F1D118009","F1D118009",NULL,NULL,"0"
"974","F1C117041","F1C117041",NULL,NULL,"0"
"975","F1C119073","F1C119073",NULL,NULL,"0"
"976","F1D218026","F1D218026",NULL,NULL,"0"
"977","F1C117042","F1C117042",NULL,NULL,"0"
"978","F1B116029","F1B116029",NULL,NULL,"0"
"979","F1C119074","F1C119074",NULL,NULL,"0"
"980","F1D218027","F1D218027",NULL,NULL,"0"
"981","F1A216021","F1A216021",NULL,NULL,"0"
"982","F1C117043","F1C117043",NULL,NULL,"0"
"983","F1C119075","F1C119075",NULL,NULL,"0"
"984","F1D218029","F1D218029",NULL,NULL,"0"
"985","F1C117044","F1C117044",NULL,NULL,"0"
"986","F1D516031","F1D516031",NULL,NULL,"0"
"987","F1C119076","F1C119076",NULL,NULL,"0"
"988","F1D218030","F1D218030",NULL,NULL,"0"
"989","F1C117046","F1C117046",NULL,NULL,"0"
"990","F1C119077","F1C119077",NULL,NULL,"0"
"991","F1C117047","F1C117047",NULL,NULL,"0"
"992","F1D118016","F1D118016",NULL,NULL,"0"
"993","F1D218032","F1D218032",NULL,NULL,"0"
"994","F1C119078","F1C119078",NULL,NULL,"0"
"995","F1A118035","F1A118035",NULL,NULL,"0"
"996","F1D516036","F1D516036",NULL,NULL,"0"
"997","F1C119079","F1C119079",NULL,NULL,"0"
"998","F1C117048","F1C117048",NULL,NULL,"0"
"999","F1D218033","F1D218033",NULL,NULL,"0"
"1000","F1D516039","F1D516039",NULL,NULL,"0"
"1001","F1C119080","F1C119080",NULL,NULL,"0"
"1002","F1C117049","F1C117049",NULL,NULL,"0"
"1003","F1D218034","F1D218034",NULL,NULL,"0"
"1004","F1A220046","F1A220046",NULL,NULL,"0"
"1005","F1C119082","F1C119082",NULL,NULL,"0"
"1006","F1C117050","F1C117050",NULL,NULL,"0"
"1007","F1D218035","F1D218035",NULL,NULL,"0"
"1008","F1A216033","F1A216033",NULL,NULL,"0"
"1009","F1B116045","F1B116045",NULL,NULL,"0"
"1010","F1D516042","F1D516042",NULL,NULL,"0"
"1011","F1C119083","F1C119083",NULL,NULL,"0"
"1012","F1C117051","F1C117051",NULL,NULL,"0"
"1013","F1D218036","F1D218036",NULL,NULL,"0"
"1014","F1B116046","F1B116046",NULL,NULL,"0"
"1015","F1C117053","F1C117053",NULL,NULL,"0"
"1016","F1D218038","F1D218038",NULL,NULL,"0"
"1017","F1C119084","F1C119084",NULL,NULL,"0"
"1018","F1A216037","F1A216037",NULL,NULL,"0"
"1019","F1B116047","F1B116047",NULL,NULL,"0"
"1020","F1D218039","F1D218039",NULL,NULL,"0"
"1021","F1C119085","F1C119085",NULL,NULL,"0"
"1022","F1B116048","F1B116048",NULL,NULL,"0"
"1023","F1D118025","F1D118025",NULL,NULL,"0"
"1024","F1D218040","F1D218040",NULL,NULL,"0"
"1025","F1C119086","F1C119086",NULL,NULL,"0"
"1026","F1B116050","F1B116050",NULL,NULL,"0"
"1027","F1D118026","F1D118026",NULL,NULL,"0"
"1028","F1A118043","F1A118043",NULL,NULL,"0"
"1029","F1D218041","F1D218041",NULL,NULL,"0"
"1030","F1B116053","F1B116053",NULL,NULL,"0"
"1031","F1C119087","F1C119087",NULL,NULL,"0"
"1032","F1A118045","F1A118045",NULL,NULL,"0"
"1033","F1C119088","F1C119088",NULL,NULL,"0"
"1034","F1A118046","F1A118046",NULL,NULL,"0"
"1035","F1D218043","F1D218043",NULL,NULL,"0"
"1036","F1D118029","F1D118029",NULL,NULL,"0"
"1037","F1C119089","F1C119089",NULL,NULL,"0"
"1038","F1A118047","F1A118047",NULL,NULL,"0"
"1039","F1D218045","F1D218045",NULL,NULL,"0"
"1040","F1C119090","F1C119090",NULL,NULL,"0"
"1041","F1A118049","F1A118049",NULL,NULL,"0"
"1042","F1B213004","F1B213004",NULL,NULL,"0"
"1043","F1D218048","F1D218048",NULL,NULL,"0"
"1044","F1C119091","F1C119091",NULL,NULL,"0"
"1045","F1A118050","F1A118050",NULL,NULL,"0"
"1046","F1A216051","F1A216051",NULL,NULL,"0"
"1047","F1B213018","F1B213018",NULL,NULL,"0"
"1048","F1D218051","F1D218051",NULL,NULL,"0"
"1049","F1C117065","F1C117065",NULL,NULL,"0"
"1050","F1C119093","F1C119093",NULL,NULL,"0"
"1051","F1A118052","F1A118052",NULL,NULL,"0"
"1052","F1D218052","F1D218052",NULL,NULL,"0"
"1053","F1B213019","F1B213019",NULL,NULL,"0"
"1054","F1D118037","F1D118037",NULL,NULL,"0"
"1055","F1A118053","F1A118053",NULL,NULL,"0"
"1056","F1C119094","F1C119094",NULL,NULL,"0"
"1057","F1D516062","F1D516062",NULL,NULL,"0"
"1058","F1D218054","F1D218054",NULL,NULL,"0"
"1059","F1B213035","F1B213035",NULL,NULL,"0"
"1060","F1A118056","F1A118056",NULL,NULL,"0"
"1061","F1C119095","F1C119095",NULL,NULL,"0"
"1062","F1B116065","F1B116065",NULL,NULL,"0"
"1063","F1D218056","F1D218056",NULL,NULL,"0"
"1064","F1B213038","F1B213038",NULL,NULL,"0"
"1065","F1C120001","F1C120001",NULL,NULL,"0"
"1066","F1A118057","F1A118057",NULL,NULL,"0"
"1067","F1A218001","F1A218001",NULL,NULL,"0"
"1068","F1B116066","F1B116066",NULL,NULL,"0"
"1069","F1D118042","F1D118042",NULL,NULL,"0"
"1070","F1D218057","F1D218057",NULL,NULL,"0"
"1071","F1B213040","F1B213040",NULL,NULL,"0"
"1072","F1C120004","F1C120004",NULL,NULL,"0"
"1073","F1A118058","F1A118058",NULL,NULL,"0"
"1074","F1A218002","F1A218002",NULL,NULL,"0"
"1075","F1B116067","F1B116067",NULL,NULL,"0"
"1076","F1B213044","F1B213044",NULL,NULL,"0"
"1077","F1A118059","F1A118059",NULL,NULL,"0"
"1078","F1A218003","F1A218003",NULL,NULL,"0"
"1079","F1B116068","F1B116068",NULL,NULL,"0"
"1080","F1D118044","F1D118044",NULL,NULL,"0"
"1081","F1B213051","F1B213051",NULL,NULL,"0"
"1082","F1A118060","F1A118060",NULL,NULL,"0"
"1083","F1A220065","F1A220065",NULL,NULL,"0"
"1084","F1B116070","F1B116070",NULL,NULL,"0"
"1086","F1D118047","F1D118047",NULL,NULL,"0"
"1087","F1B213066","F1B213066",NULL,NULL,"0"
"1088","F1G113045","F1G113045",NULL,NULL,"0"
"1089","F1A118062","F1A118062",NULL,NULL,"0"
"1090","F1A220066","F1A220066",NULL,NULL,"0"
"1091","F1B116071","F1B116071",NULL,NULL,"0"
"1092","F1B213078","F1B213078",NULL,NULL,"0"
"1093","F1G113054","F1G113054",NULL,NULL,"0"
"1094","F1B213080","F1B213080",NULL,NULL,"0"
"1095","F1G113055","F1G113055",NULL,NULL,"0"
"1096","F1B214001","F1B214001",NULL,NULL,"0"
